Handle,Title,Body (HTML),Vendor,Type,Tags,Published,Variant SKU,Variant Price,Variant Inventory Qty,Variant Inventory Tracker,Variant Inventory Policy,Variant Fulfillment Service,Image Src,Image Alt Text
10pcs-bon-voyage-pots,10pcs Bon Voyage Pots,"<p>10-piece Bon Voyage Super stainless steel pot set with black handles and lids. South African quality brand, includes 5 pots in varying sizes.</p>",Agri Hub SA,Kitchenware,kitchenware,TRUE,,850.00,100,shopify,deny,manual,https://agrihubsa.co.za/products/home-living/10pcs-bon-voyage-pots.jpg,10pcs Bon Voyage Pots
10pcs-granite-non-stick-cookware-set-beige,10pcs Granite Non-Stick Cookware Set -Beige,"<p>10-piece granite non-stick cookware set in a light beige stone speckled finish. Includes assorted pots with tempered glass lids, stay-cool wood-look handles and a durable non-stick granite coating - ideal for everyday cooking.</p>",Agri Hub SA,Kitchenware,kitchenware,TRUE,GNS-10PC-BEIGE,1710.00,10,shopify,deny,manual,https://hebbkx1anhila5yf.public.blob.vercel-storage.com/image-8DDnTA6kOL7goxcY7ziz5kpFLah0oM.png,10pcs Granite Non-Stick Cookware Set -Beige
10pcs-granite-non-stick-cookware-set-black,10pcs Granite Non-Stick Cookware Set -Black,"<p>10-piece granite non-stick cookware set in a sleek black speckled finish. Includes assorted pots with tempered glass lids, stay-cool wood-look handles and a durable non-stick granite coating - ideal for everyday cooking.</p>",Agri Hub SA,Kitchenware,kitchenware,TRUE,GNS-10PC-BLACK,1710.00,10,shopify,deny,manual,https://hebbkx1anhila5yf.public.blob.vercel-storage.com/image-05u5FrBOsyLtrZH4WSoSew9bYiYHjs.png,10pcs Granite Non-Stick Cookware Set -Black
10pcs-granite-non-stick-cookware-set-brown,10pcs Granite Non-Stick Cookware Set -Brown,"<p>10-piece granite non-stick cookware set in a rich brown speckled finish. Includes assorted pots with tempered glass lids, stay-cool wood-look handles and a durable non-stick granite coating - ideal for everyday cooking.</p>",Agri Hub SA,Kitchenware,kitchenware,TRUE,GNS-10PC-BROWN,1710.00,10,shopify,deny,manual,https://hebbkx1anhila5yf.public.blob.vercel-storage.com/image-3GfXxFSoSyI0i8K6oPb7tOHTcFkjZm.png,10pcs Granite Non-Stick Cookware Set -Brown
10pcs-granite-non-stick-cookware-set-grey,10pcs Granite Non-Stick Cookware Set -Grey,"<p>10-piece granite non-stick cookware set in a dark grey speckled finish. Includes assorted pots with tempered glass lids, stay-cool wood-look handles and a durable non-stick granite coating - ideal for everyday cooking.</p>",Agri Hub SA,Kitchenware,kitchenware,TRUE,GNS-10PC-GREY,1710.00,10,shopify,deny,manual,https://hebbkx1anhila5yf.public.blob.vercel-storage.com/image-mWiqdLMP0DUix7i52B3CQK5BliYLgA.png,10pcs Granite Non-Stick Cookware Set -Grey
10pcs-hart-pots,10pcs Hart Pots,<p>10pcs Hart Pots</p>,Agri Hub SA,Kitchenware,kitchenware,TRUE,,995.00,100,shopify,deny,manual,https://agrihubsa.co.za/products/home-living/hart-pots.jpg,10pcs Hart Pots
10pcs-non-stick-set-pots,10pcs Non Stick Set Pots,"<p>Premium 10-piece non-stick cookware set in elegant matte black with natural wooden handles. Includes various sized pots, pans, and a square grill pan with tempered glass lids. Perfect for modern kitchens with a stylish wood accent finish.</p>",Agri Hub SA,Kitchenware,kitchenware,TRUE,,930.00,20,shopify,deny,manual,https://agrihubsa.co.za/products/home-living/10pcs-non-stick-set-pots.jpg,10pcs Non Stick Set Pots
10pcs-non-stick-pots,10pcs Non-Stick Pots,<p>Premium 10-piece grey granite-style non-stick pot set with glass lids. Includes various sizes for all your cooking needs. Durable and easy to clean.</p>,Agri Hub SA,Kitchenware,kitchenware,TRUE,HL-POTS-001,1720.00,100,shopify,deny,manual,https://agrihubsa.co.za/products/home-living/10pcs-non-stick-pots.jpg,10pcs Non-Stick Pots
10pcs-pasta-bowls,10pcs Pasta Bowls,<p>Set of 10 grey stackable pasta/soup bowls. Perfect for family dining. Durable construction and easy to store.</p>,Agri Hub SA,Kitchenware,kitchenware,TRUE,HL-PASTA-001,290.00,100,shopify,deny,manual,https://agrihubsa.co.za/products/home-living/10pcs-pasta-bowls.jpg,10pcs Pasta Bowls
11-inch-fluted-petal-ceramic-serving-bowl-10pcs,11-Inch Fluted Petal Ceramic Serving Bowl-10pcs,"<p>Set of 10 elegant 11-inch fluted petal ceramic serving bowls in a glossy white glaze. The ribbed petal exterior adds a refined decorative touch, perfect for salads, sides and entertaining.</p>",Agri Hub SA,Kitchenware,kitchenware,TRUE,FPB-11IN-10PC,950.00,10,shopify,deny,manual,https://hebbkx1anhila5yf.public.blob.vercel-storage.com/image-RKisJXFkkiwNOxdPOVTYgGvFb41EfQ.png,11-Inch Fluted Petal Ceramic Serving Bowl-10pcs
12pcs-silicon-spoon-set,12pcs Silicon Spoon Set,"<p>Complete set of 12 colorful silicone kitchen utensils. Heat resistant, non-stick friendly, and easy to clean. Includes various spoons and spatulas.</p>",Agri Hub SA,Kitchenware,kitchenware,TRUE,HL-SPOON-001,200.00,100,shopify,deny,manual,https://agrihubsa.co.za/products/home-living/12pcs-silicone-spoon.jpg,12pcs Silicon Spoon Set
12pcs-spice-jar-rotating,12pcs Spice Jar Rotating,<p>12-piece rotating spice jar set with stainless steel stand and lids</p>,Agri Hub SA,Kitchenware,kitchenware,TRUE,,350.00,100,shopify,deny,manual,https://agrihubsa.co.za/products/home-living/12pcs-spice-jar-rotating.jpg,12pcs Spice Jar Rotating
14pcs-aluminium-dolphin-pots,14pcs Aluminium Dolphin Pots,<p>14-piece black aluminium dolphin pot set with glass lids and cooking utensils</p>,Agri Hub SA,Kitchenware,kitchenware,TRUE,,850.00,100,shopify,deny,manual,https://agrihubsa.co.za/products/home-living/14pcs-aluminium-dolphin-pots.jpg,14pcs Aluminium Dolphin Pots
15l-electric-air-fryer,15L Electric Air Fryer,<p>15L Electric Air Fryer</p>,Agri Hub SA,Kitchenware,kitchenware,TRUE,,1100.00,100,shopify,deny,manual,https://agrihubsa.co.za/products/home-living/air-fryer.jpg,15L Electric Air Fryer
19pcs-silicon-kitchen-set,19pcs Silicon Kitchen Set,"<p>Complete 19-piece silicone kitchen utensil set in various colors including pink, mint, grey, and black. Heat resistant, non-stick friendly. Includes all essential cooking tools.</p>",Agri Hub SA,Kitchenware,kitchenware,TRUE,HL-SIL19-001,350.00,100,shopify,deny,manual,https://agrihubsa.co.za/products/home-living/silicon-kitchen-set-19pcs.jpg,19pcs Silicon Kitchen Set
19pcs-silicone-kitchen-set,19pcs Silicone Kitchen Set,"<p>19-piece silicone kitchen utensil set with wooden handles. Includes spatulas, spoons, tongs, whisk, knives, scissors, and matching storage container. Available in 6 colors: black, grey, white, pink, mint green, and teal.</p>",Agri Hub SA,Kitchenware,kitchenware,TRUE,,450.00,100,shopify,deny,manual,https://agrihubsa.co.za/products/home-living/19pcs-silicone-kitchen-set.jpg,19pcs Silicone Kitchen Set
jia-jia-winter-blanket-001-rose-mosaic,1Ply Jia Jia Winter Blanket 001 - Rose Mosaic,"<p>The 1Ply Jia Jia Winter Blanket 001 is a plush, heavyweight mink-style winter blanket in a cream base with a vibrant mosaic pattern of red, pink, burgundy and charcoal squares, finished with a soft dusty-rose pebble-textured border. Wonderfully warm, soft and cosy for cold winter nights. Made from 100% polyester.</p>",Agri Hub SA,Bedding,bedding,TRUE,,430.00,50,shopify,deny,manual,https://tkhnvcciiwg6evoc.public.blob.vercel-storage.com/optimized/1783318773874-h76lfs.webp,1Ply Jia Jia Winter Blanket 001 - Rose Mosaic
jia-jia-winter-blanket-002-blue-plaid,1Ply Jia Jia Winter Blanket 002 - Blue Plaid,"<p>The 1Ply Jia Jia Winter Blanket 002 is a plush, heavyweight mink-style winter blanket in a bold blue plaid (tartan) design with white and mauve cross-stripes over a pebble-textured base, finished with a soft blue border. Wonderfully warm, soft and cosy for cold winter nights. Made from 100% polyester.</p>",Agri Hub SA,Bedding,bedding,TRUE,,430.00,50,shopify,deny,manual,https://tkhnvcciiwg6evoc.public.blob.vercel-storage.com/optimized/1783318777567-u0co0s.webp,1Ply Jia Jia Winter Blanket 002 - Blue Plaid
jia-jia-winter-blanket-003-charcoal-spiral,1Ply Jia Jia Winter Blanket 003 - Charcoal Spiral,"<p>The 1Ply Jia Jia Winter Blanket 003 is a plush, heavyweight mink-style winter blanket in charcoal grey with a pebble texture, featuring a bold pink-red spiral motif and scattered red, white and black polka dots. Wonderfully warm, soft and cosy for cold winter nights. Made from 100% polyester.</p>",Agri Hub SA,Bedding,bedding,TRUE,,430.00,50,shopify,deny,manual,https://tkhnvcciiwg6evoc.public.blob.vercel-storage.com/optimized/1783318740613-h3bopq.webp,1Ply Jia Jia Winter Blanket 003 - Charcoal Spiral
jia-jia-winter-blanket-004-charcoal-mosaic,1Ply Jia Jia Winter Blanket 004 - Charcoal Mosaic,"<p>The 1Ply Jia Jia Winter Blanket 004 is a plush, heavyweight mink-style winter blanket in charcoal grey with a pebble texture, featuring a striking cream and black geometric mosaic pattern radiating across the centre. Wonderfully warm, soft and cosy for cold winter nights. Made from 100% polyester.</p>",Agri Hub SA,Bedding,bedding,TRUE,,430.00,50,shopify,deny,manual,https://tkhnvcciiwg6evoc.public.blob.vercel-storage.com/optimized/1783318740449-er0jjg.webp,1Ply Jia Jia Winter Blanket 004 - Charcoal Mosaic
jia-jia-winter-blanket-005-burgundy-floral,1Ply Jia Jia Winter Blanket 005 - Burgundy Floral,"<p>The 1Ply Jia Jia Winter Blanket 005 is a plush, heavyweight mink-style winter blanket with a deep burgundy honeycomb-textured border and a cream central panel featuring large pink roses, red blossoms and purple leaves. Wonderfully warm, soft and cosy for cold winter nights. Made from 100% polyester.</p>",Agri Hub SA,Bedding,bedding,TRUE,,430.00,50,shopify,deny,manual,https://tkhnvcciiwg6evoc.public.blob.vercel-storage.com/optimized/1783318743190-ifzgbe.webp,1Ply Jia Jia Winter Blanket 005 - Burgundy Floral
jia-jia-winter-blanket-006-blue-patchwork-floral,1Ply Jia Jia Winter Blanket 006 - Blue Patchwork Floral,"<p>The 1Ply Jia Jia Winter Blanket 006 is a plush, heavyweight mink-style winter blanket in a blue and cream patchwork design with a pebble texture, featuring floral damask scroll motifs across navy, light blue and cream blocks, finished with a soft blue border. Wonderfully warm, soft and cosy for cold winter nights. Made from 100% polyester.</p>",Agri Hub SA,Bedding,bedding,TRUE,,430.00,50,shopify,deny,manual,https://tkhnvcciiwg6evoc.public.blob.vercel-storage.com/optimized/1783318743091-ds1w4b.webp,1Ply Jia Jia Winter Blanket 006 - Blue Patchwork Floral
jia-jia-winter-blanket-007-charcoal-filigree,1Ply Jia Jia Winter Blanket 007 - Charcoal Filigree,"<p>The 1Ply Jia Jia Winter Blanket 007 is a plush, heavyweight mink-style winter blanket in charcoal grey with a pebble texture, featuring large cream swirling filigree scroll motifs across the surface. Wonderfully warm, soft and cosy for cold winter nights. Made from 100% polyester.</p>",Agri Hub SA,Bedding,bedding,TRUE,,430.00,50,shopify,deny,manual,https://tkhnvcciiwg6evoc.public.blob.vercel-storage.com/optimized/1783318744673-psaudv.webp,1Ply Jia Jia Winter Blanket 007 - Charcoal Filigree
jia-jia-winter-blanket-008-purple-floral,1Ply Jia Jia Winter Blanket 008 - Purple Floral,"<p>The 1Ply Jia Jia Winter Blanket 008 is a plush, heavyweight mink-style winter blanket with a purple honeycomb-textured border and a cream central panel featuring large purple roses, magenta blossoms and soft brown leaves. Wonderfully warm, soft and cosy for cold winter nights. Made from 100% polyester.</p>",Agri Hub SA,Bedding,bedding,TRUE,,430.00,50,shopify,deny,manual,https://tkhnvcciiwg6evoc.public.blob.vercel-storage.com/optimized/1783318744616-7zrvtl.webp,1Ply Jia Jia Winter Blanket 008 - Purple Floral
little-sheep-blanket-black-white-leopard,1PLY Little Sheep Blanket- Black & White Leopard,"<p>A luxuriously soft black &amp; white leopard 1PLY Little Sheep mink blanket. Its plush, velvety pile keeps you warm and cosy through the cold winter months, while the elegant design adds a touch of warmth to any bedroom. Made from 100% polyester.</p>",Agri Hub SA,Bedding,bedding,TRUE,,795.00,50,shopify,deny,manual,https://tkhnvcciiwg6evoc.public.blob.vercel-storage.com/products/little-sheep-blanket-black-white-leopard-1783737396180.jpg,1PLY Little Sheep Blanket- Black & White Leopard
little-sheep-blanket-blush-floral,1PLY Little Sheep Blanket- Blush Floral,"<p>A luxuriously soft blush floral 1PLY Little Sheep mink blanket. Its plush, velvety pile keeps you warm and cosy through the cold winter months, while the elegant design adds a touch of warmth to any bedroom. Made from 100% polyester.</p>",Agri Hub SA,Bedding,bedding,TRUE,,795.00,50,shopify,deny,manual,https://tkhnvcciiwg6evoc.public.blob.vercel-storage.com/products/little-sheep-blanket-blush-floral-1783737395660.jpg,1PLY Little Sheep Blanket- Blush Floral
little-sheep-blanket-brown-leopard,1PLY Little Sheep Blanket- Brown Leopard,"<p>A luxuriously soft brown leopard 1PLY Little Sheep mink blanket. Its plush, velvety pile keeps you warm and cosy through the cold winter months, while the elegant design adds a touch of warmth to any bedroom. Made from 100% polyester.</p>",Agri Hub SA,Bedding,bedding,TRUE,,795.00,50,shopify,deny,manual,https://tkhnvcciiwg6evoc.public.blob.vercel-storage.com/products/little-sheep-blanket-brown-leopard-1783737395299.jpg,1PLY Little Sheep Blanket- Brown Leopard
little-sheep-blanket-brown-paisley,1PLY Little Sheep Blanket- Brown Paisley,"<p>A luxuriously soft brown paisley 1PLY Little Sheep mink blanket. Its plush, velvety pile keeps you warm and cosy through the cold winter months, while the elegant design adds a touch of warmth to any bedroom. Made from 100% polyester.</p>",Agri Hub SA,Bedding,bedding,TRUE,,795.00,50,shopify,deny,manual,https://tkhnvcciiwg6evoc.public.blob.vercel-storage.com/products/little-sheep-blanket-brown-paisley-1783737394939.jpg,1PLY Little Sheep Blanket- Brown Paisley
little-sheep-blanket-grey-floral,1PLY Little Sheep Blanket- Grey Floral,"<p>A luxuriously soft grey floral 1PLY Little Sheep mink blanket. Its plush, velvety pile keeps you warm and cosy through the cold winter months, while the elegant design adds a touch of warmth to any bedroom. Made from 100% polyester.</p>",Agri Hub SA,Bedding,bedding,TRUE,,795.00,50,shopify,deny,manual,https://tkhnvcciiwg6evoc.public.blob.vercel-storage.com/products/little-sheep-blanket-grey-floral-1783737393749.jpg,1PLY Little Sheep Blanket- Grey Floral
little-sheep-blanket-silver-rose,1PLY Little Sheep Blanket- Silver Rose,"<p>A luxuriously soft silver rose 1PLY Little Sheep mink blanket. Its plush, velvety pile keeps you warm and cosy through the cold winter months, while the elegant design adds a touch of warmth to any bedroom. Made from 100% polyester.</p>",Agri Hub SA,Bedding,bedding,TRUE,,795.00,50,shopify,deny,manual,https://tkhnvcciiwg6evoc.public.blob.vercel-storage.com/products/little-sheep-blanket-silver-rose-1783737394523.jpg,1PLY Little Sheep Blanket- Silver Rose
1ply-quality-winter-blanket-aqua-floral,1Ply Quality Winter Blanket-Aqua Floral,"<p>The 1Ply Quality Winter Blanket in Aqua Floral is a soft, warm single-ply mink blanket featuring sky-blue and charcoal tones with rust-orange peonies and a damask trim. Cosy and luxurious for cold winter nights.</p>",Agri Hub SA,Bedding,bedding,TRUE,,550.00,50,shopify,deny,manual,https://tkhnvcciiwg6evoc.public.blob.vercel-storage.com/optimized/1783318760537-hb8uuj.webp,1Ply Quality Winter Blanket-Aqua Floral
1ply-quality-winter-blanket-beige-geometric,1Ply Quality Winter Blanket-Beige Geometric,"<p>The 1Ply Quality Winter Blanket in Beige Geometric is a soft, warm single-ply mink blanket featuring cream and brown geometric tiles with blue accents and floral bursts. Cosy and luxurious for cold winter nights.</p>",Agri Hub SA,Bedding,bedding,TRUE,,550.00,50,shopify,deny,manual,https://tkhnvcciiwg6evoc.public.blob.vercel-storage.com/optimized/1783318760954-bzzzt9.webp,1Ply Quality Winter Blanket-Beige Geometric
1ply-quality-winter-blanket-blue-leopard,1Ply Quality Winter Blanket-Blue Leopard,"<p>The 1Ply Quality Winter Blanket in Blue Leopard is a soft, warm single-ply mink blanket featuring a cream base with a blue leopard-spot print and an elegant paisley border. Cosy and luxurious for cold winter nights.</p>",Agri Hub SA,Bedding,bedding,TRUE,,550.00,50,shopify,deny,manual,https://tkhnvcciiwg6evoc.public.blob.vercel-storage.com/optimized/1783318760395-t1hy1c.webp,1Ply Quality Winter Blanket-Blue Leopard
1ply-quality-winter-blanket-blue-peony,1Ply Quality Winter Blanket-Blue Peony,"<p>The 1Ply Quality Winter Blanket in Blue Peony is a soft, warm single-ply mink blanket featuring a royal blue and yellow plaid frame with a pink peony centre. Cosy and luxurious for cold winter nights.</p>",Agri Hub SA,Bedding,bedding,TRUE,,550.00,50,shopify,deny,manual,https://tkhnvcciiwg6evoc.public.blob.vercel-storage.com/optimized/1783318760766-3501yz.webp,1Ply Quality Winter Blanket-Blue Peony
1ply-quality-winter-blanket-brown-floral,1Ply Quality Winter Blanket-Brown Floral,"<p>The 1Ply Quality Winter Blanket in Brown Floral is a soft, warm single-ply mink blanket featuring a brown and cream checkered design with a rich brown floral bouquet. Cosy and luxurious for cold winter nights.</p>",Agri Hub SA,Bedding,bedding,TRUE,,550.00,50,shopify,deny,manual,https://tkhnvcciiwg6evoc.public.blob.vercel-storage.com/optimized/1783318760730-tcdcti.webp,1Ply Quality Winter Blanket-Brown Floral
1ply-quality-winter-blanket-brown-rose,1Ply Quality Winter Blanket-Brown Rose,"<p>The 1Ply Quality Winter Blanket in Brown Rose is a soft, warm single-ply mink blanket featuring a brown and cream design with red roses, hearts and elegant lettering. Cosy and luxurious for cold winter nights.</p>",Agri Hub SA,Bedding,bedding,TRUE,,550.00,50,shopify,deny,manual,https://tkhnvcciiwg6evoc.public.blob.vercel-storage.com/optimized/1783318760690-8bkdqb.webp,1Ply Quality Winter Blanket-Brown Rose
1ply-quality-winter-blanket-grey-floral,1Ply Quality Winter Blanket-Grey Floral,"<p>The 1Ply Quality Winter Blanket in Grey Floral is a soft, warm single-ply mink blanket featuring grey and black tones with white roses and a checkered border. Cosy and luxurious for cold winter nights.</p>",Agri Hub SA,Bedding,bedding,TRUE,,550.00,50,shopify,deny,manual,https://tkhnvcciiwg6evoc.public.blob.vercel-storage.com/optimized/1783318761308-3dsegl.webp,1Ply Quality Winter Blanket-Grey Floral
1ply-quality-winter-blanket-royal-blue-rose,1Ply Quality Winter Blanket-Royal Blue Rose,"<p>The 1Ply Quality Winter Blanket in Royal Blue Rose is a soft, warm single-ply mink blanket featuring a royal blue base with blue roses and ornate gold baroque scrollwork. Cosy and luxurious for cold winter nights.</p>",Agri Hub SA,Bedding,bedding,TRUE,,550.00,50,shopify,deny,manual,https://tkhnvcciiwg6evoc.public.blob.vercel-storage.com/optimized/1783318761197-p49nkn.webp,1Ply Quality Winter Blanket-Royal Blue Rose
24pcs-stainless-steel-gold-cutlery,24pcs Stainless Steel Gold Cutlery,"<p>Elegant 24-piece gold stainless steel cutlery set in presentation box. Includes forks, knives, spoons, and teaspoons. Perfect for special occasions.</p>",Agri Hub SA,Kitchenware,kitchenware,TRUE,HL-CUTLERY-001,350.00,100,shopify,deny,manual,https://agrihubsa.co.za/products/home-living/24pcs-gold-cutlery.jpg,24pcs Stainless Steel Gold Cutlery
2l-electric-glass-kettle,2L Electric Glass Kettle,"<p>Premium 2L electric glass kettle with blue LED indicator light. Fast boiling with automatic shut-off feature. Perfect for tea, coffee, and hot beverages.</p>",Agri Hub SA,Kitchenware,kitchenware,TRUE,HL-KETTLE-001,275.00,100,shopify,deny,manual,https://agrihubsa.co.za/products/home-living/electric-glass-kettle.jpg,2L Electric Glass Kettle
2pcs-coffee-table,2pcs Coffee Table,<p>Elegant set of 2 round coffee tables with black marble-effect tops and gold metal legs. Perfect for modern living rooms. Nest together for space saving.</p>,Agri Hub SA,Kitchenware,kitchenware,TRUE,HL-TABLE-001,650.00,100,shopify,deny,manual,https://agrihubsa.co.za/products/home-living/2pcs-coffee-table.jpg,2pcs Coffee Table
3pcs-bakeware-set,3pcs Bakeware Set,<p>Professional 3-piece ceramic bakeware set in white. Includes various sizes for all your baking needs. Oven safe and easy to clean.</p>,Agri Hub SA,Kitchenware,kitchenware,TRUE,HL-BAKE-001,550.00,100,shopify,deny,manual,https://agrihubsa.co.za/products/home-living/3pcs-bakeware-set.jpg,3pcs Bakeware Set
cordury-mattress-protector-camel,3pcs Cordury Mattress Protector- Camel,"<p>A plush camel 3pcs corduroy mattress protector set featuring a soft ribbed velvety surface and a deep elasticated fitted skirt for a secure, wrinkle-free fit. Includes matching pieces to keep your mattress warm, comfortable and protected. Made from 100% polyester.</p>",Agri Hub SA,Bedding,bedding,TRUE,,350.00,50,shopify,deny,manual,https://tkhnvcciiwg6evoc.public.blob.vercel-storage.com/products/cordury-mattress-protector-camel-1783738523740.jpg,3pcs Cordury Mattress Protector- Camel
cordury-mattress-protector-charcoal,3pcs Cordury Mattress Protector- Charcoal,"<p>A plush charcoal 3pcs corduroy mattress protector set featuring a soft ribbed velvety surface and a deep elasticated fitted skirt for a secure, wrinkle-free fit. Includes matching pieces to keep your mattress warm, comfortable and protected. Made from 100% polyester.</p>",Agri Hub SA,Bedding,bedding,TRUE,,350.00,50,shopify,deny,manual,https://tkhnvcciiwg6evoc.public.blob.vercel-storage.com/products/cordury-mattress-protector-charcoal-1783738522617.jpg,3pcs Cordury Mattress Protector- Charcoal
cordury-mattress-protector-green,3pcs Cordury Mattress Protector- Green,"<p>A plush green 3pcs corduroy mattress protector set featuring a soft ribbed velvety surface and a deep elasticated fitted skirt for a secure, wrinkle-free fit. Includes matching pieces to keep your mattress warm, comfortable and protected. Made from 100% polyester.</p>",Agri Hub SA,Bedding,bedding,TRUE,,350.00,50,shopify,deny,manual,https://tkhnvcciiwg6evoc.public.blob.vercel-storage.com/products/cordury-mattress-protector-green-1783738525022.jpg,3pcs Cordury Mattress Protector- Green
cordury-mattress-protector-pink,3pcs Cordury Mattress Protector- Pink,"<p>A plush pink 3pcs corduroy mattress protector set featuring a soft ribbed velvety surface and a deep elasticated fitted skirt for a secure, wrinkle-free fit. Includes matching pieces to keep your mattress warm, comfortable and protected. Made from 100% polyester.</p>",Agri Hub SA,Bedding,bedding,TRUE,,350.00,50,shopify,deny,manual,https://tkhnvcciiwg6evoc.public.blob.vercel-storage.com/products/cordury-mattress-protector-pink-1783738524601.jpg,3pcs Cordury Mattress Protector- Pink
cordury-mattress-protector-red,3pcs Cordury Mattress Protector- Red,"<p>A plush red 3pcs corduroy mattress protector set featuring a soft ribbed velvety surface and a deep elasticated fitted skirt for a secure, wrinkle-free fit. Includes matching pieces to keep your mattress warm, comfortable and protected. Made from 100% polyester.</p>",Agri Hub SA,Bedding,bedding,TRUE,,350.00,50,shopify,deny,manual,https://tkhnvcciiwg6evoc.public.blob.vercel-storage.com/products/cordury-mattress-protector-red-1783738524154.jpg,3pcs Cordury Mattress Protector- Red
cordury-mattress-protector-white,3pcs Cordury Mattress Protector- White,"<p>A plush white 3pcs corduroy mattress protector set featuring a soft ribbed velvety surface and a deep elasticated fitted skirt for a secure, wrinkle-free fit. Includes matching pieces to keep your mattress warm, comfortable and protected. Made from 100% polyester.</p>",Agri Hub SA,Bedding,bedding,TRUE,,350.00,50,shopify,deny,manual,https://tkhnvcciiwg6evoc.public.blob.vercel-storage.com/products/cordury-mattress-protector-white-1783738523373.jpg,3pcs Cordury Mattress Protector- White
3pcs-plastic-fruit-basket,3pcs Plastic Fruit Basket,<p>3-piece plastic fruit basket set in elegant design. Perfect for storing and displaying fruits on your kitchen counter.</p>,Agri Hub SA,Kitchenware,kitchenware,TRUE,HL-FRUIT-001,320.00,100,shopify,deny,manual,https://agrihubsa.co.za/products/home-living/3pcs-plastic-fruit-basket.jpg,3pcs Plastic Fruit Basket
3pcs-plastic-tray-set,3pcs Plastic Tray Set,"<p>Set of 3 elegant plastic serving trays with gold trim. Available in multiple colors. Perfect for serving snacks, drinks, or decorative display.</p>",Agri Hub SA,Kitchenware,kitchenware,TRUE,HL-TRAY-001,240.00,100,shopify,deny,manual,https://agrihubsa.co.za/products/home-living/3pcs-plastic-tray-set.jpg,3pcs Plastic Tray Set
3pcs-stainless-steel-food-warmer,3pcs Stainless Steel Multifunction Food Warmer,"<p>Set of 3 stainless steel food warmers with lids. Perfect for buffets, parties, and keeping food warm. Elegant design for any occasion.</p>",Agri Hub SA,Kitchenware,kitchenware,TRUE,HL-WARM-001,595.00,100,shopify,deny,manual,https://agrihubsa.co.za/products/home-living/3pcs-stainless-steel-food-warmer.jpg,3pcs Stainless Steel Multifunction Food Warmer
3pcs-valvet-mattress-protector-winter-bedsheet-charcoal,3pcs Valvet Mattress protector/Winter bedsheet-Charcoal,"<p>Plush velvet fitted mattress protector set (3 pieces) that doubles as a cosy winter bedsheet. Soft, warm and skin-friendly with a deep elasticated skirt for a snug fit, plus matching pillow covers. Colour: Charcoal.</p>",Agri Hub SA,Bedding,bedding,TRUE,VMP-CHARCOAL-3PCS,255.00,25,shopify,deny,manual,https://hebbkx1anhila5yf.public.blob.vercel-storage.com/image-ge1KxOf8qtpWimGMXJ3z3jAIWwBHn6.png,3pcs Valvet Mattress protector/Winter bedsheet-Charcoal
3pcs-valvet-mattress-protector-winter-bedsheet-coffee,3pcs Valvet Mattress protector/Winter bedsheet-Coffee,"<p>Plush velvet fitted mattress protector set (3 pieces) that doubles as a cosy winter bedsheet. Soft, warm and skin-friendly with a deep elasticated skirt for a snug fit, plus matching pillow covers. Colour: Coffee.</p>",Agri Hub SA,Bedding,bedding,TRUE,VMP-COFFEE-3PCS,255.00,25,shopify,deny,manual,https://hebbkx1anhila5yf.public.blob.vercel-storage.com/image-fcSAsNGmAmcM3srSphhCYjafqQVKcd.png,3pcs Valvet Mattress protector/Winter bedsheet-Coffee
3pcs-valvet-mattress-protector-winter-bedsheet-emerald,3pcs Valvet Mattress protector/Winter bedsheet-Emerald,"<p>Plush velvet fitted mattress protector set (3 pieces) that doubles as a cosy winter bedsheet. Soft, warm and skin-friendly with a deep elasticated skirt for a snug fit, plus matching pillow covers. Colour: Emerald.</p>",Agri Hub SA,Bedding,bedding,TRUE,VMP-EMERALD-3PCS,255.00,25,shopify,deny,manual,https://hebbkx1anhila5yf.public.blob.vercel-storage.com/image-hAl7M1TMTZt8idTh1bSYbOEzO8iWcZ.png,3pcs Valvet Mattress protector/Winter bedsheet-Emerald
3pcs-valvet-mattress-protector-winter-bedsheet-maroon,3pcs Valvet Mattress protector/Winter bedsheet-Maroon,"<p>Plush velvet fitted mattress protector set (3 pieces) that doubles as a cosy winter bedsheet. Soft, warm and skin-friendly with a deep elasticated skirt for a snug fit, plus matching pillow covers. Colour: Maroon.</p>",Agri Hub SA,Bedding,bedding,TRUE,VMP-MAROON-3PCS,255.00,25,shopify,deny,manual,https://hebbkx1anhila5yf.public.blob.vercel-storage.com/image-9LedMUKxIIZ3Qul5jYiZemudlzcrkO.png,3pcs Valvet Mattress protector/Winter bedsheet-Maroon
3pcs-valvet-mattress-protector-winter-bedsheet-pink,3pcs Valvet Mattress protector/Winter bedsheet-Pink,"<p>Plush velvet fitted mattress protector set (3 pieces) that doubles as a cosy winter bedsheet. Soft, warm and skin-friendly with a deep elasticated skirt for a snug fit, plus matching pillow covers. Colour: Pink.</p>",Agri Hub SA,Bedding,bedding,TRUE,VMP-PINK-3PCS,255.00,25,shopify,deny,manual,https://hebbkx1anhila5yf.public.blob.vercel-storage.com/image-xsooz6bRCAYe8EazZ3F51AcxFRNuqB.png,3pcs Valvet Mattress protector/Winter bedsheet-Pink
3pcs-valvet-mattress-protector-winter-bedsheet-white,3pcs Valvet Mattress protector/Winter bedsheet-White,"<p>Plush velvet fitted mattress protector set (3 pieces) that doubles as a cosy winter bedsheet. Soft, warm and skin-friendly with a deep elasticated skirt for a snug fit, plus matching pillow covers. Colour: White.</p>",Agri Hub SA,Bedding,bedding,TRUE,VMP-WHITE-3PCS,255.00,25,shopify,deny,manual,https://hebbkx1anhila5yf.public.blob.vercel-storage.com/image-ZxOPWLdKBv1THzYNsCdVBhKn9MN85D.png,3pcs Valvet Mattress protector/Winter bedsheet-White
3pcs-valvet-mattress-protector-winter-bedsheet-wine-red,3pcs Valvet Mattress protector/Winter bedsheet-Wine Red,"<p>Plush velvet fitted mattress protector set (3 pieces) that doubles as a cosy winter bedsheet. Soft, warm and skin-friendly with a deep elasticated skirt for a snug fit, plus matching pillow covers. Colour: Wine Red.</p>",Agri Hub SA,Bedding,bedding,TRUE,VMP-WINERED-3PCS,255.00,25,shopify,deny,manual,https://hebbkx1anhila5yf.public.blob.vercel-storage.com/image-Vc78ajr3m81d2vqQSvxY4BHiWYvHJe.png,3pcs Valvet Mattress protector/Winter bedsheet-Wine Red
3pcs-waterproof-mattress-protector-blue,3pcs Waterproof Mattress Protector-Blue,<p>Quilted waterproof mattress protector set (3 pieces) with a soft embossed floral pattern and deep fitted skirt for a secure fit. Protects against spills and moisture while keeping the mattress fresh. Colour: Blue.</p>,Agri Hub SA,Bedding,bedding,TRUE,WMP-BLUE-3PCS,265.00,25,shopify,deny,manual,https://hebbkx1anhila5yf.public.blob.vercel-storage.com/image-keieJy7W5BVqnFUTAAL9imcpoupLsB.png,3pcs Waterproof Mattress Protector-Blue
3pcs-waterproof-mattress-protector-camel,3pcs Waterproof Mattress Protector-Camel,<p>Quilted waterproof mattress protector set (3 pieces) with a soft embossed floral pattern and deep fitted skirt for a secure fit. Protects against spills and moisture while keeping the mattress fresh. Colour: Camel.</p>,Agri Hub SA,Bedding,bedding,TRUE,WMP-CAMEL-3PCS,265.00,25,shopify,deny,manual,https://hebbkx1anhila5yf.public.blob.vercel-storage.com/image-k0kyJThvERPgnouIl7YXV035yNE7Yo.png,3pcs Waterproof Mattress Protector-Camel
3pcs-waterproof-mattress-protector-grey,3pcs Waterproof Mattress Protector-Grey,<p>Quilted waterproof mattress protector set (3 pieces) with a soft embossed floral pattern and deep fitted skirt for a secure fit. Protects against spills and moisture while keeping the mattress fresh. Colour: Grey.</p>,Agri Hub SA,Bedding,bedding,TRUE,WMP-GREY-3PCS,265.00,25,shopify,deny,manual,https://hebbkx1anhila5yf.public.blob.vercel-storage.com/image-CKeqZVFCgvyqLmtu2BSgNgIZF7I4VQ.png,3pcs Waterproof Mattress Protector-Grey
3pcs-waterproof-mattress-protector-pink,3pcs Waterproof Mattress Protector-Pink,<p>Quilted waterproof mattress protector set (3 pieces) with a soft embossed floral pattern and deep fitted skirt for a secure fit. Protects against spills and moisture while keeping the mattress fresh. Colour: Pink.</p>,Agri Hub SA,Bedding,bedding,TRUE,WMP-PINK-3PCS,265.00,25,shopify,deny,manual,https://hebbkx1anhila5yf.public.blob.vercel-storage.com/image-67f02uPicjY5dgUNw0cw3P2cy2ptnM.png,3pcs Waterproof Mattress Protector-Pink
3pcs-waterproof-mattress-protector-white,3pcs Waterproof Mattress Protector-White,<p>Quilted waterproof mattress protector set (3 pieces) with a soft embossed floral pattern and deep fitted skirt for a secure fit. Protects against spills and moisture while keeping the mattress fresh. Colour: White.</p>,Agri Hub SA,Bedding,bedding,TRUE,WMP-WHITE-3PCS,265.00,25,shopify,deny,manual,https://hebbkx1anhila5yf.public.blob.vercel-storage.com/file_00000000bf6c71f49fc115d565e3460a-5eWitElXimcsiQVsCL6Rz4NB8lFPxo.jpg,3pcs Waterproof Mattress Protector-White
4-burner-gas-stove-lightweight,4 Burner Gas Stove (Lightweight),"<p>Portable 4 burner gas stove, lightweight design perfect for outdoor cooking, camping, or as a backup stove. Easy to transport and set up.</p>",Agri Hub SA,Kitchenware,kitchenware,TRUE,HL-STOVE-001,1690.00,100,shopify,deny,manual,https://agrihubsa.co.za/products/home-living/4burner-gas-stove-light-duty.jpg,4 Burner Gas Stove (Lightweight)
4-burner-gas-stove-tabletop,4 Burner Gas Stove (Tabletop),<p>Compact 4 burner tabletop gas stove. Perfect for home kitchens or as an additional cooking surface. Durable construction with easy-to-clean surface.</p>,Agri Hub SA,Kitchenware,kitchenware,TRUE,HL-STOVE-002,550.00,100,shopify,deny,manual,https://agrihubsa.co.za/products/home-living/4burner-gas-stove.jpg,4 Burner Gas Stove (Tabletop)
4-in-1-rotating-vegetable-rack,4 in 1 Rotating Vegetable Rack,"<p>Multi-tier rotating vegetable storage trolley in black. 4-in-1 design for organizing fruits, vegetables, and kitchen items. Space-saving rotating mechanism.</p>",Agri Hub SA,Kitchenware,kitchenware,TRUE,HL-RACK-001,495.00,100,shopify,deny,manual,https://agrihubsa.co.za/products/home-living/4-in-1-vegetable-rack.jpg,4 in 1 Rotating Vegetable Rack
4layers-kitchen-storage,4layers Kitchen Storage,"<p>Versatile 4-layer rotating kitchen storage rack in black metal finish. Features circular ventilated baskets that can be configured in staggered or stacked positions. Comes with lockable caster wheels for easy mobility. Perfect for storing fruits, vegetables, and kitchen essentials.</p>",Agri Hub SA,Kitchenware,kitchenware,TRUE,,520.00,25,shopify,deny,manual,https://agrihubsa.co.za/products/home-living/4layers-kitchen-storage.jpg,4layers Kitchen Storage
4pcs-luxury-bread-bin-canister-set-black-silver,4pcs Luxury Bread Bin & Canister Set - Black & Silver,"<p>Retro-style 4-piece kitchen storage set featuring a bread bin plus tea, coffee and sugar canisters. Matte black finish with silver accents and lettering.</p>",Agri Hub SA,Kitchenware,kitchenware,TRUE,HL-BBCS-BLACK-SILVER,539.00,25,shopify,deny,manual,https://hebbkx1anhila5yf.public.blob.vercel-storage.com/image-laRE1701dRtl0BwsxRvlJesd2nv9JU.png,4pcs Luxury Bread Bin & Canister Set - Black & Silver
4pcs-luxury-bread-bin-canister-set-blue-silver,4pcs Luxury Bread Bin & Canister Set - Blue & Silver,"<p>Retro-style 4-piece kitchen storage set featuring a bread bin plus tea, coffee and sugar canisters. Navy blue finish with silver accents and lettering.</p>",Agri Hub SA,Kitchenware,kitchenware,TRUE,HL-BBCS-BLUE-SILVER,539.00,25,shopify,deny,manual,https://hebbkx1anhila5yf.public.blob.vercel-storage.com/image-iGVhZNqE0Q8o2M1m5HRyPKBcikSnzd.png,4pcs Luxury Bread Bin & Canister Set - Blue & Silver
4pcs-luxury-bread-bin-canister-set-cream-gold,4pcs Luxury Bread Bin & Canister Set - Cream & Gold,"<p>Retro-style 4-piece kitchen storage set featuring a bread bin plus tea, coffee and sugar canisters. Cream finish with luxe gold accents and lettering.</p>",Agri Hub SA,Kitchenware,kitchenware,TRUE,HL-BBCS-CREAM-GOLD,539.00,25,shopify,deny,manual,https://hebbkx1anhila5yf.public.blob.vercel-storage.com/image-FO8zhdPaka3goYVJrh3rRIPFX3vccA.png,4pcs Luxury Bread Bin & Canister Set - Cream & Gold
4pcs-luxury-bread-bin-canister-set-cream-silver,4pcs Luxury Bread Bin & Canister Set - Cream & Silver,"<p>Retro-style 4-piece kitchen storage set featuring a bread bin plus tea, coffee and sugar canisters. Cream finish with silver accents and lettering.</p>",Agri Hub SA,Kitchenware,kitchenware,TRUE,HL-BBCS-CREAM-SILVER,539.00,25,shopify,deny,manual,https://hebbkx1anhila5yf.public.blob.vercel-storage.com/image-12Z6WM38PqygXtKG7v0qDeiYEPZJj3.png,4pcs Luxury Bread Bin & Canister Set - Cream & Silver
4pcs-luxury-bread-bin-canister-set-grey-gold,4pcs Luxury Bread Bin & Canister Set - Grey & Gold,"<p>Retro-style 4-piece kitchen storage set featuring a bread bin plus tea, coffee and sugar canisters. Grey finish with luxe gold accents and lettering.</p>",Agri Hub SA,Kitchenware,kitchenware,TRUE,HL-BBCS-GREY-GOLD,539.00,25,shopify,deny,manual,https://hebbkx1anhila5yf.public.blob.vercel-storage.com/image-v0cnTt3R9afGnVCcF03C1Dg1KBq7Yl.png,4pcs Luxury Bread Bin & Canister Set - Grey & Gold
4pcs-luxury-bread-bin-canister-set-grey-silver,4pcs Luxury Bread Bin & Canister Set - Grey & Silver,"<p>Retro-style 4-piece kitchen storage set featuring a bread bin plus tea, coffee and sugar canisters. Dark grey finish with silver accents and lettering.</p>",Agri Hub SA,Kitchenware,kitchenware,TRUE,HL-BBCS-GREY-SILVER,539.00,25,shopify,deny,manual,https://hebbkx1anhila5yf.public.blob.vercel-storage.com/image-sxiPR4reyT2r80RA2Om3bvMyy3d48c.png,4pcs Luxury Bread Bin & Canister Set - Grey & Silver
4pcs-luxury-bread-bin-canister-set-red-gold,4pcs Luxury Bread Bin & Canister Set - Red & Gold,"<p>Retro-style 4-piece kitchen storage set featuring a bread bin plus tea, coffee and sugar canisters. Glossy red finish with luxe gold accents and lettering.</p>",Agri Hub SA,Kitchenware,kitchenware,TRUE,HL-BBCS-RED-GOLD,539.00,25,shopify,deny,manual,https://hebbkx1anhila5yf.public.blob.vercel-storage.com/image-32TaIWmlQ8RtKoKAxf481B0xtWRBMU.png,4pcs Luxury Bread Bin & Canister Set - Red & Gold
4pcs-luxury-bread-bin-canister-set-red-silver,4pcs Luxury Bread Bin & Canister Set - Red & Silver,"<p>Retro-style 4-piece kitchen storage set featuring a bread bin plus tea, coffee and sugar canisters. Glossy red finish with silver accents and lettering.</p>",Agri Hub SA,Kitchenware,kitchenware,TRUE,HL-BBCS-RED-SILVER,539.00,25,shopify,deny,manual,https://hebbkx1anhila5yf.public.blob.vercel-storage.com/image-mDSkIfFIMbFWXGkZxc2YO8OFsar0kF.png,4pcs Luxury Bread Bin & Canister Set - Red & Silver
4pcs-luxury-bread-bin-canister-set-white-gold,4pcs Luxury Bread Bin & Canister Set - White & Gold,"<p>Retro-style 4-piece kitchen storage set featuring a bread bin plus tea, coffee and sugar canisters. Glossy white finish with luxe gold accents and lettering.</p>",Agri Hub SA,Kitchenware,kitchenware,TRUE,HL-BBCS-WHITE-GOLD,539.00,25,shopify,deny,manual,https://hebbkx1anhila5yf.public.blob.vercel-storage.com/image-NdMZJAOrbHADSglSUbQxGbbHk795Qe.png,4pcs Luxury Bread Bin & Canister Set - White & Gold
4pcs-luxury-bread-bin-canister-set-white-silver,4pcs Luxury Bread Bin & Canister Set - White & Silver,"<p>Retro-style 4-piece kitchen storage set featuring a bread bin plus tea, coffee and sugar canisters. Clean white finish with silver accents and lettering.</p>",Agri Hub SA,Kitchenware,kitchenware,TRUE,HL-BBCS-WHITE-SILVER,539.00,25,shopify,deny,manual,https://hebbkx1anhila5yf.public.blob.vercel-storage.com/image-HvyXmsGYkzefib2ZeYAundqpaaRKyX.png,4pcs Luxury Bread Bin & Canister Set - White & Silver
4pcs-premium-bed-sheet-set-beige-blue-floral,4pcs Premium Bed Sheet Set - Beige Blue Floral,"<p>The 4pcs Premium Bed Sheet Set in Beige Blue Floral features an elegant cream and beige striped base adorned with large blue blossoms. Soft, durable and finished beautifully. The 4-piece set includes 1 fitted sheet, 1 flat sheet and 2 standard pillowcases. Made from premium 100% polyester.</p>",Agri Hub SA,Bedding,bedding,TRUE,,195.00,50,shopify,deny,manual,https://tkhnvcciiwg6evoc.public.blob.vercel-storage.com/optimized/1783318745996-kmsylg.webp,4pcs Premium Bed Sheet Set - Beige Blue Floral
4pcs-premium-bed-sheet-set-beige-feather,4pcs Premium Bed Sheet Set - Beige Feather,"<p>The 4pcs Premium Bed Sheet Set in Beige Feather features a soft beige base with brown and black feather-leaf motifs. Soft, durable and finished beautifully. The 4-piece set includes 1 fitted sheet, 1 flat sheet and 2 standard pillowcases. Made from premium 100% polyester.</p>",Agri Hub SA,Bedding,bedding,TRUE,,195.00,50,shopify,deny,manual,https://tkhnvcciiwg6evoc.public.blob.vercel-storage.com/optimized/1783318747379-n92m3e.webp,4pcs Premium Bed Sheet Set - Beige Feather
4pcs-premium-bed-sheet-set-beige-grey-wave,4pcs Premium Bed Sheet Set - Beige Grey Wave,"<p>The 4pcs Premium Bed Sheet Set in Beige Grey Wave features a soft grey, beige and white flowing wave pattern. Soft, durable and finished beautifully. The 4-piece set includes 1 fitted sheet, 1 flat sheet and 2 standard pillowcases. Made from premium 100% polyester.</p>",Agri Hub SA,Bedding,bedding,TRUE,,195.00,50,shopify,deny,manual,https://tkhnvcciiwg6evoc.public.blob.vercel-storage.com/optimized/1783318747577-m3i4uq.webp,4pcs Premium Bed Sheet Set - Beige Grey Wave
4pcs-premium-bed-sheet-set-black-gold-stripe,4pcs Premium Bed Sheet Set - Black Gold Stripe,"<p>The 4pcs Premium Bed Sheet Set in Black Gold Stripe features bold black and white stripes with scattered gold hearts. Soft, durable and finished beautifully. The 4-piece set includes 1 fitted sheet, 1 flat sheet and 2 standard pillowcases. Made from premium 100% polyester.</p>",Agri Hub SA,Bedding,bedding,TRUE,,195.00,50,shopify,deny,manual,https://tkhnvcciiwg6evoc.public.blob.vercel-storage.com/optimized/1783318747880-mw2tao.webp,4pcs Premium Bed Sheet Set - Black Gold Stripe
4pcs-premium-bed-sheet-set-blue-abstract,4pcs Premium Bed Sheet Set - Blue Abstract,"<p>The 4pcs Premium Bed Sheet Set in Blue Abstract features a modern blue geometric brushstroke pattern. Soft, durable and finished beautifully. The 4-piece set includes 1 fitted sheet, 1 flat sheet and 2 standard pillowcases. Made from premium 100% polyester.</p>",Agri Hub SA,Bedding,bedding,TRUE,,195.00,50,shopify,deny,manual,https://tkhnvcciiwg6evoc.public.blob.vercel-storage.com/optimized/1783318747319-n9u6q2.webp,4pcs Premium Bed Sheet Set - Blue Abstract
4pcs-premium-bed-sheet-set-blue-beige-floral,4pcs Premium Bed Sheet Set - Blue Beige Floral,"<p>The 4pcs Premium Bed Sheet Set in Blue Beige Floral features a crisp white base with elegant blue and beige blossoms. Soft, durable and finished beautifully. The 4-piece set includes 1 fitted sheet, 1 flat sheet and 2 standard pillowcases. Made from premium 100% polyester.</p>",Agri Hub SA,Bedding,bedding,TRUE,,195.00,50,shopify,deny,manual,https://tkhnvcciiwg6evoc.public.blob.vercel-storage.com/optimized/1783318747569-484qe0.webp,4pcs Premium Bed Sheet Set - Blue Beige Floral
4pcs-premium-bed-sheet-set-blue-blossom,4pcs Premium Bed Sheet Set - Blue Blossom,"<p>The 4pcs Premium Bed Sheet Set in Blue Blossom features a soft blue base with white and green watercolour flowers. Soft, durable and finished beautifully. The 4-piece set includes 1 fitted sheet, 1 flat sheet and 2 standard pillowcases. Made from premium 100% polyester.</p>",Agri Hub SA,Bedding,bedding,TRUE,,195.00,50,shopify,deny,manual,https://tkhnvcciiwg6evoc.public.blob.vercel-storage.com/optimized/1783318748012-yt82mb.webp,4pcs Premium Bed Sheet Set - Blue Blossom
4pcs-premium-bed-sheet-set-blue-floral,4pcs Premium Bed Sheet Set - Blue Floral,"<p>The 4pcs Premium Bed Sheet Set in Blue Floral features a soft blue base with delicate white and green flowers. Soft, durable and finished beautifully. The 4-piece set includes 1 fitted sheet, 1 flat sheet and 2 standard pillowcases. Made from premium 100% polyester.</p>",Agri Hub SA,Bedding,bedding,TRUE,,195.00,50,shopify,deny,manual,https://tkhnvcciiwg6evoc.public.blob.vercel-storage.com/optimized/1783318745963-9npr0b.webp,4pcs Premium Bed Sheet Set - Blue Floral
4pcs-premium-bed-sheet-set-green-palm,4pcs Premium Bed Sheet Set - Green Palm,"<p>The 4pcs Premium Bed Sheet Set in Green Palm features a white and grey base with green and grey tropical palm leaves. Soft, durable and finished beautifully. The 4-piece set includes 1 fitted sheet, 1 flat sheet and 2 standard pillowcases. Made from premium 100% polyester.</p>",Agri Hub SA,Bedding,bedding,TRUE,,195.00,50,shopify,deny,manual,https://tkhnvcciiwg6evoc.public.blob.vercel-storage.com/optimized/1783318746676-cv4f30.webp,4pcs Premium Bed Sheet Set - Green Palm
4pcs-premium-bed-sheet-set-grey-brushstroke,4pcs Premium Bed Sheet Set - Grey Brushstroke,"<p>The 4pcs Premium Bed Sheet Set in Grey Brushstroke features a modern grey, black and white abstract brushstroke pattern. Soft, durable and finished beautifully. The 4-piece set includes 1 fitted sheet, 1 flat sheet and 2 standard pillowcases. Made from premium 100% polyester.</p>",Agri Hub SA,Bedding,bedding,TRUE,,195.00,50,shopify,deny,manual,https://tkhnvcciiwg6evoc.public.blob.vercel-storage.com/optimized/1783318747982-10ecdh.webp,4pcs Premium Bed Sheet Set - Grey Brushstroke
4pcs-premium-bed-sheet-set-grey-pink-floral,4pcs Premium Bed Sheet Set - Grey Pink Floral,"<p>The 4pcs Premium Bed Sheet Set in Grey Pink Floral features a soft grey base with pink and peach lilies. Soft, durable and finished beautifully. The 4-piece set includes 1 fitted sheet, 1 flat sheet and 2 standard pillowcases. Made from premium 100% polyester.</p>",Agri Hub SA,Bedding,bedding,TRUE,,195.00,50,shopify,deny,manual,https://tkhnvcciiwg6evoc.public.blob.vercel-storage.com/optimized/1783318746889-ca5am9.webp,4pcs Premium Bed Sheet Set - Grey Pink Floral
4pcs-premium-bed-sheet-set-grey-rose,4pcs Premium Bed Sheet Set - Grey Rose,"<p>The 4pcs Premium Bed Sheet Set in Grey Rose features a soft grey base with brown and cream roses. Soft, durable and finished beautifully. The 4-piece set includes 1 fitted sheet, 1 flat sheet and 2 standard pillowcases. Made from premium 100% polyester.</p>",Agri Hub SA,Bedding,bedding,TRUE,,195.00,50,shopify,deny,manual,https://tkhnvcciiwg6evoc.public.blob.vercel-storage.com/optimized/1783318746089-zq4cpj.webp,4pcs Premium Bed Sheet Set - Grey Rose
4pcs-premium-bed-sheet-set-monochrome-abstract,4pcs Premium Bed Sheet Set - Monochrome Abstract,"<p>The 4pcs Premium Bed Sheet Set in Monochrome Abstract features a white base with a modern grey and black circle and dot pattern. Soft, durable and finished beautifully. The 4-piece set includes 1 fitted sheet, 1 flat sheet and 2 standard pillowcases. Made from premium 100% polyester.</p>",Agri Hub SA,Bedding,bedding,TRUE,,195.00,50,shopify,deny,manual,https://tkhnvcciiwg6evoc.public.blob.vercel-storage.com/optimized/1783318746597-lte2rj.webp,4pcs Premium Bed Sheet Set - Monochrome Abstract
4pcs-premium-bed-sheet-set-purple-dahlia,4pcs Premium Bed Sheet Set - Purple Dahlia,"<p>The 4pcs Premium Bed Sheet Set in Purple Dahlia features a rich magenta base with large cream dahlia flowers. Soft, durable and finished beautifully. The 4-piece set includes 1 fitted sheet, 1 flat sheet and 2 standard pillowcases. Made from premium 100% polyester.</p>",Agri Hub SA,Bedding,bedding,TRUE,,195.00,50,shopify,deny,manual,https://tkhnvcciiwg6evoc.public.blob.vercel-storage.com/optimized/1783318746650-fi84ce.webp,4pcs Premium Bed Sheet Set - Purple Dahlia
4pcs-premium-bed-sheet-set-purple-daisy,4pcs Premium Bed Sheet Set - Purple Daisy,"<p>The 4pcs Premium Bed Sheet Set in Purple Daisy features a crisp white base with magenta and purple daisies. Soft, durable and finished beautifully. The 4-piece set includes 1 fitted sheet, 1 flat sheet and 2 standard pillowcases. Made from premium 100% polyester.</p>",Agri Hub SA,Bedding,bedding,TRUE,,195.00,50,shopify,deny,manual,https://tkhnvcciiwg6evoc.public.blob.vercel-storage.com/optimized/1783318748092-ff9blg.webp,4pcs Premium Bed Sheet Set - Purple Daisy
4pcs-premium-bed-sheet-set-purple-floral,4pcs Premium Bed Sheet Set - Purple Floral,"<p>The 4pcs Premium Bed Sheet Set in Purple Floral features a crisp white base with vibrant purple flowers. Soft, durable and finished beautifully. The 4-piece set includes 1 fitted sheet, 1 flat sheet and 2 standard pillowcases. Made from premium 100% polyester.</p>",Agri Hub SA,Bedding,bedding,TRUE,,195.00,50,shopify,deny,manual,https://tkhnvcciiwg6evoc.public.blob.vercel-storage.com/optimized/1783318746859-fo5fxj.webp,4pcs Premium Bed Sheet Set - Purple Floral
4pcs-premium-bed-sheet-set-red-blue-floral,4pcs Premium Bed Sheet Set - Red & Blue Floral,"<p>The 4pcs Premium Bed Sheet Set in Red &amp; Blue Floral features a white base with soft red and blue watercolour flowers. Soft, durable and finished beautifully. The 4-piece set includes 1 fitted sheet, 1 flat sheet and 2 standard pillowcases. Made from premium 100% polyester.</p>",Agri Hub SA,Bedding,bedding,TRUE,,195.00,50,shopify,deny,manual,https://tkhnvcciiwg6evoc.public.blob.vercel-storage.com/optimized/1783318746749-dz970d.webp,4pcs Premium Bed Sheet Set - Red & Blue Floral
4pcs-premium-bed-sheet-set-red-hearts,4pcs Premium Bed Sheet Set - Red Hearts,"<p>The 4pcs Premium Bed Sheet Set in Red Hearts features a crisp white base with playful red hearts. Soft, durable and finished beautifully. The 4-piece set includes 1 fitted sheet, 1 flat sheet and 2 standard pillowcases. Made from premium 100% polyester.</p>",Agri Hub SA,Bedding,bedding,TRUE,,195.00,50,shopify,deny,manual,https://tkhnvcciiwg6evoc.public.blob.vercel-storage.com/optimized/1783318746131-mp5ie0.webp,4pcs Premium Bed Sheet Set - Red Hearts
4pcs-premium-bed-sheet-set-red-poppy,4pcs Premium Bed Sheet Set - Red Poppy,"<p>The 4pcs Premium Bed Sheet Set in Red Poppy features a cream base with bold red poppies and soft beige flowers. Soft, durable and finished beautifully. The 4-piece set includes 1 fitted sheet, 1 flat sheet and 2 standard pillowcases. Made from premium 100% polyester.</p>",Agri Hub SA,Bedding,bedding,TRUE,,195.00,50,shopify,deny,manual,https://tkhnvcciiwg6evoc.public.blob.vercel-storage.com/optimized/1783318748252-z6o7hg.webp,4pcs Premium Bed Sheet Set - Red Poppy
5pcs-bed-spread-quilt-set-super-king-burgundy,"5pcs Bed Spread Quilt SET, Super King - Burgundy","<p>The 5pcs Bed Spread Quilt SET in Super King Burgundy is a luxurious quilted bedspread set in deep burgundy, featuring an elegant embossed floral quatrefoil quilting pattern. The 5-piece set includes 1 bedspread (250x240cm), 2 pillowcases (45x75cm) and 2 euroshams (65x65cm). Made from 100% polyester with 100% polyester filling.</p>",Agri Hub SA,Bedding,bedding,TRUE,,390.00,50,shopify,deny,manual,https://tkhnvcciiwg6evoc.public.blob.vercel-storage.com/optimized/1783318745850-ttymn7.webp,"5pcs Bed Spread Quilt SET, Super King - Burgundy"
5pcs-bed-spread-quilt-set-super-king-gold,"5pcs Bed Spread Quilt SET, Super King - Gold","<p>The 5pcs Bed Spread Quilt SET in Super King Gold is a luxurious quilted bedspread set in a warm camel-gold tone, featuring an elegant embossed floral quatrefoil quilting pattern. The 5-piece set includes 1 bedspread (250x240cm), 2 pillowcases (45x75cm) and 2 euroshams (65x65cm). Made from 100% polyester with 100% polyester filling.</p>",Agri Hub SA,Bedding,bedding,TRUE,,390.00,50,shopify,deny,manual,https://tkhnvcciiwg6evoc.public.blob.vercel-storage.com/optimized/1783318745333-v2rhd5.webp,"5pcs Bed Spread Quilt SET, Super King - Gold"
5pcs-bed-spread-quilt-set-super-king-green,"5pcs Bed Spread Quilt SET, Super King - Green","<p>The 5pcs Bed Spread Quilt SET in Super King Green is a luxurious quilted bedspread set in rich emerald green, featuring an elegant embossed floral quatrefoil quilting pattern. The 5-piece set includes 1 bedspread (250x240cm), 2 pillowcases (45x75cm) and 2 euroshams (65x65cm). Made from 100% polyester with 100% polyester filling.</p>",Agri Hub SA,Bedding,bedding,TRUE,,390.00,50,shopify,deny,manual,https://tkhnvcciiwg6evoc.public.blob.vercel-storage.com/optimized/1783318745607-d4ksbh.webp,"5pcs Bed Spread Quilt SET, Super King - Green"
5pcs-bed-spread-quilt-set-super-king-purple,"5pcs Bed Spread Quilt SET, Super King - Purple","<p>The 5pcs Bed Spread Quilt SET in Super King Purple is a luxurious quilted bedspread set in a soft lavender purple, featuring an elegant embossed floral quatrefoil quilting pattern. The 5-piece set includes 1 bedspread (250x240cm), 2 pillowcases (45x75cm) and 2 euroshams (68x68cm). Made from 100% polyester with 100% polyester filling.</p>",Agri Hub SA,Bedding,bedding,TRUE,,390.00,50,shopify,deny,manual,https://tkhnvcciiwg6evoc.public.blob.vercel-storage.com/optimized/1783318745388-y8w7rd.webp,"5pcs Bed Spread Quilt SET, Super King - Purple"
5pcs-bed-spread-quilt-set-super-king-taupe,"5pcs Bed Spread Quilt SET, Super King - Taupe","<p>The 5pcs Bed Spread Quilt SET in Super King Taupe is a luxurious quilted bedspread set in a soft greyish taupe, featuring an elegant embossed floral quatrefoil quilting pattern. The 5-piece set includes 1 bedspread (250x240cm), 2 pillowcases (45x75cm) and 2 euroshams (65x65cm). Made from 100% polyester with 100% polyester filling.</p>",Agri Hub SA,Bedding,bedding,TRUE,,390.00,50,shopify,deny,manual,https://tkhnvcciiwg6evoc.public.blob.vercel-storage.com/optimized/1783318745247-g3zrys.webp,"5pcs Bed Spread Quilt SET, Super King - Taupe"
5pcs-bed-spread-quilt-set-super-king-white,"5pcs Bed Spread Quilt SET, Super King - White","<p>The 5pcs Bed Spread Quilt SET in Super King White is a luxurious quilted bedspread set in crisp white, featuring an elegant embossed floral quatrefoil quilting pattern. The 5-piece set includes 1 bedspread (250x240cm), 2 pillowcases (45x75cm) and 2 euroshams (65x65cm). Made from 100% polyester with 100% polyester filling.</p>",Agri Hub SA,Bedding,bedding,TRUE,,390.00,50,shopify,deny,manual,https://tkhnvcciiwg6evoc.public.blob.vercel-storage.com/optimized/1783318745645-hgwedf.webp,"5pcs Bed Spread Quilt SET, Super King - White"
comforter-set-001-light-grey,5pcs Comforter Set 001 - Light Grey,"<p>The Comforter Set 001 is a plush, warm fleece (teddy/sherpa) comforter set in light grey, featuring a beautifully embossed pattern of hearts and ""LOVE"" lettering for a cosy, textured finish. This 5-piece set includes 1 comforter, 2 continental pillowcases and 2 standard pillowcases. Soft, breathable and warm - perfect for winter nights. Made from 100% polyester.</p>",Agri Hub SA,Bedding,bedding,TRUE,,450.00,50,shopify,deny,manual,https://tkhnvcciiwg6evoc.public.blob.vercel-storage.com/optimized/1783318766754-xp1xn7.webp,5pcs Comforter Set 001 - Light Grey
comforter-set-002-camel-brown,5pcs Comforter Set 002 - Camel Brown,"<p>The Comforter Set 002 is a plush, warm fleece (teddy/sherpa) comforter set in camel brown, featuring a beautifully embossed pattern of hearts and ""LOVE"" lettering for a cosy, textured finish. This 5-piece set includes 1 comforter, 2 continental pillowcases and 2 standard pillowcases. Soft, breathable and warm - perfect for winter nights. Made from 100% polyester.</p>",Agri Hub SA,Bedding,bedding,TRUE,,450.00,50,shopify,deny,manual,https://tkhnvcciiwg6evoc.public.blob.vercel-storage.com/optimized/1783318766971-02p12q.webp,5pcs Comforter Set 002 - Camel Brown
comforter-set-003-teal,5pcs Comforter Set 003 - Teal,"<p>The Comforter Set 003 is a plush, warm fleece (teddy/sherpa) comforter set in teal, featuring a beautifully embossed pattern of hearts and ""LOVE"" lettering for a cosy, textured finish. This 5-piece set includes 1 comforter, 2 continental pillowcases and 2 standard pillowcases. Soft, breathable and warm - perfect for winter nights. Made from 100% polyester.</p>",Agri Hub SA,Bedding,bedding,TRUE,,450.00,50,shopify,deny,manual,https://tkhnvcciiwg6evoc.public.blob.vercel-storage.com/optimized/1783318767968-m9l1ur.webp,5pcs Comforter Set 003 - Teal
comforter-set-004-burgundy,5pcs Comforter Set 004 - Burgundy,"<p>The Comforter Set 004 is a plush, warm fleece (teddy/sherpa) comforter set in burgundy, featuring a beautifully embossed pattern of hearts and ""LOVE"" lettering for a cosy, textured finish. This 5-piece set includes 1 comforter, 2 continental pillowcases and 2 standard pillowcases. Soft, breathable and warm - perfect for winter nights. Made from 100% polyester.</p>",Agri Hub SA,Bedding,bedding,TRUE,,450.00,50,shopify,deny,manual,https://tkhnvcciiwg6evoc.public.blob.vercel-storage.com/optimized/1783318769541-rkr7ss.webp,5pcs Comforter Set 004 - Burgundy
comforter-set-005-lime-green,5pcs Comforter Set 005 - Lime Green,"<p>The Comforter Set 005 is a plush, warm fleece (teddy/sherpa) comforter set in lime green, featuring a beautifully embossed pattern of hearts and ""LOVE"" lettering for a cosy, textured finish. This 5-piece set includes 1 comforter, 2 continental pillowcases and 2 standard pillowcases. Soft, breathable and warm - perfect for winter nights. Made from 100% polyester.</p>",Agri Hub SA,Bedding,bedding,TRUE,,450.00,50,shopify,deny,manual,https://tkhnvcciiwg6evoc.public.blob.vercel-storage.com/optimized/1783318770033-un3my3.webp,5pcs Comforter Set 005 - Lime Green
comforter-set-006-charcoal-grey,5pcs Comforter Set 006 - Charcoal Grey,"<p>The Comforter Set 006 is a plush, warm fleece (teddy/sherpa) comforter set in charcoal grey, featuring a beautifully embossed textured lettering pattern for a cosy, tactile finish. This 5-piece set includes 1 comforter, 2 continental pillowcases and 2 standard pillowcases. Soft, breathable and warm - perfect for winter nights. Made from 100% polyester.</p>",Agri Hub SA,Bedding,bedding,TRUE,,450.00,50,shopify,deny,manual,https://tkhnvcciiwg6evoc.public.blob.vercel-storage.com/optimized/1783318770987-lz9q8s.webp,5pcs Comforter Set 006 - Charcoal Grey
comforter-set-007-petrol-blue,5pcs Comforter Set 007 - Petrol Blue,"<p>The Comforter Set 007 is a plush, warm fleece (teddy/sherpa) comforter set in petrol blue, featuring a beautifully embossed pattern of hearts and ""LOVE"" lettering for a cosy, textured finish. This 5-piece set includes 1 comforter, 2 continental pillowcases and 2 standard pillowcases. Soft, breathable and warm - perfect for winter nights. Made from 100% polyester.</p>",Agri Hub SA,Bedding,bedding,TRUE,,450.00,50,shopify,deny,manual,https://tkhnvcciiwg6evoc.public.blob.vercel-storage.com/optimized/1783318772158-7o6ili.webp,5pcs Comforter Set 007 - Petrol Blue
comforter-set-008-white,5pcs Comforter Set 008 - White,"<p>The Comforter Set 008 is a plush, warm fleece (teddy/sherpa) comforter set in white, featuring a beautifully embossed pattern of hearts and ""LOVE"" lettering for a cosy, textured finish. This 5-piece set includes 1 comforter, 2 continental pillowcases and 2 standard pillowcases. Soft, breathable and warm - perfect for winter nights. Made from 100% polyester.</p>",Agri Hub SA,Bedding,bedding,TRUE,,450.00,50,shopify,deny,manual,https://tkhnvcciiwg6evoc.public.blob.vercel-storage.com/optimized/1783318752519-xe2ljg.webp,5pcs Comforter Set 008 - White
comforter-set-white-fleece-blue,5pcs Comforter Set with white fleece inside- Blue,"<p>A plush blue comforter set lined with soft white fleece on the inside for extra warmth and cosiness during winter. This 5-piece set includes 1 comforter, 2 continental pillowcases and 2 standard pillowcases. Made from 100% polyester.</p>",Agri Hub SA,Bedding,bedding,TRUE,,545.00,50,shopify,deny,manual,https://tkhnvcciiwg6evoc.public.blob.vercel-storage.com/products/comforter-set-white-fleece-blue-1783502660343.jpg,5pcs Comforter Set with white fleece inside- Blue
comforter-set-white-fleece-camel,5pcs Comforter Set with white fleece inside- Camel,"<p>A plush camel comforter set lined with soft white fleece on the inside for extra warmth and cosiness during winter. This 5-piece set includes 1 comforter, 2 continental pillowcases and 2 standard pillowcases. Made from 100% polyester.</p>",Agri Hub SA,Bedding,bedding,TRUE,,545.00,50,shopify,deny,manual,https://tkhnvcciiwg6evoc.public.blob.vercel-storage.com/products/comforter-set-white-fleece-camel-1783502659706.jpg,5pcs Comforter Set with white fleece inside- Camel
comforter-set-white-fleece-cream,5pcs Comforter Set with white fleece inside- Cream,"<p>A plush cream comforter set lined with soft white fleece on the inside for extra warmth and cosiness during winter. This 5-piece set includes 1 comforter, 2 continental pillowcases and 2 standard pillowcases. Made from 100% polyester.</p>",Agri Hub SA,Bedding,bedding,TRUE,,545.00,50,shopify,deny,manual,https://tkhnvcciiwg6evoc.public.blob.vercel-storage.com/products/comforter-set-white-fleece-cream-1783502660749.jpg,5pcs Comforter Set with white fleece inside- Cream
comforter-set-white-fleece-grey,5pcs Comforter Set with white fleece inside- Grey,"<p>A plush grey comforter set lined with soft white fleece on the inside for extra warmth and cosiness during winter. This 5-piece set includes 1 comforter, 2 continental pillowcases and 2 standard pillowcases. Made from 100% polyester.</p>",Agri Hub SA,Bedding,bedding,TRUE,,545.00,50,shopify,deny,manual,https://tkhnvcciiwg6evoc.public.blob.vercel-storage.com/products/comforter-set-white-fleece-grey-1783502658801.jpg,5pcs Comforter Set with white fleece inside- Grey
comforter-set-white-fleece-lilac,5pcs Comforter Set with white fleece inside- Lilac,"<p>A plush lilac comforter set lined with soft white fleece on the inside for extra warmth and cosiness during winter. This 5-piece set includes 1 comforter, 2 continental pillowcases and 2 standard pillowcases. Made from 100% polyester.</p>",Agri Hub SA,Bedding,bedding,TRUE,,545.00,50,shopify,deny,manual,https://tkhnvcciiwg6evoc.public.blob.vercel-storage.com/products/comforter-set-white-fleece-lilac-1783502662310.jpg,5pcs Comforter Set with white fleece inside- Lilac
comforter-set-white-fleece-pink,5pcs Comforter Set with white fleece inside- Pink,"<p>A plush pink comforter set lined with soft white fleece on the inside for extra warmth and cosiness during winter. This 5-piece set includes 1 comforter, 2 continental pillowcases and 2 standard pillowcases. Made from 100% polyester.</p>",Agri Hub SA,Bedding,bedding,TRUE,,545.00,50,shopify,deny,manual,https://tkhnvcciiwg6evoc.public.blob.vercel-storage.com/products/comforter-set-white-fleece-pink-1783502662852.jpg,5pcs Comforter Set with white fleece inside- Pink
comforter-set-white-fleece-sage-green,5pcs Comforter Set with white fleece inside- Sage Green,"<p>A plush sage green comforter set lined with soft white fleece on the inside for extra warmth and cosiness during winter. This 5-piece set includes 1 comforter, 2 continental pillowcases and 2 standard pillowcases. Made from 100% polyester.</p>",Agri Hub SA,Bedding,bedding,TRUE,,545.00,50,shopify,deny,manual,https://tkhnvcciiwg6evoc.public.blob.vercel-storage.com/products/comforter-set-white-fleece-sage-green-1783502661319.jpg,5pcs Comforter Set with white fleece inside- Sage Green
comforter-set-white-fleece-steel-blue,5pcs Comforter Set with white fleece inside- Steel Blue,"<p>A plush steel blue comforter set lined with soft white fleece on the inside for extra warmth and cosiness during winter. This 5-piece set includes 1 comforter, 2 continental pillowcases and 2 standard pillowcases. Made from 100% polyester.</p>",Agri Hub SA,Bedding,bedding,TRUE,,545.00,50,shopify,deny,manual,https://tkhnvcciiwg6evoc.public.blob.vercel-storage.com/products/comforter-set-white-fleece-steel-blue-1783502661851.jpg,5pcs Comforter Set with white fleece inside- Steel Blue
5pcs-corduroy-comforter-001-charcoal,5pcs Corduroy Comforter 001 - Charcoal (Queen),"<p>The 5pcs Corduroy Comforter 001 is a warm and luxuriously soft Queen size comforter set in a deep charcoal grey, featuring a plush ribbed corduroy-style texture. This 5-piece set includes 1 comforter, 2 standard pillowcases and 2 continental pillowcases. Soft, warm and cosy - perfect for adding modern elegance and comfort to your bedroom.</p>",Agri Hub SA,Bedding,bedding,TRUE,,450.00,50,shopify,deny,manual,https://tkhnvcciiwg6evoc.public.blob.vercel-storage.com/optimized/1783318764475-odxlcy.webp,5pcs Corduroy Comforter 001 - Charcoal (Queen)
5pcs-corduroy-comforter-002-plum,5pcs Corduroy Comforter 002 - Plum (Queen),"<p>The 5pcs Corduroy Comforter 002 is a warm and luxuriously soft Queen size comforter set in a rich plum purple, featuring a plush ribbed corduroy-style texture. This 5-piece set includes 1 comforter, 2 standard pillowcases and 2 continental pillowcases. Soft, warm and cosy - perfect for adding a touch of regal elegance and comfort to your bedroom.</p>",Agri Hub SA,Bedding,bedding,TRUE,,450.00,50,shopify,deny,manual,https://tkhnvcciiwg6evoc.public.blob.vercel-storage.com/optimized/1783318764599-lmp2oi.webp,5pcs Corduroy Comforter 002 - Plum (Queen)
5pcs-corduroy-comforter-003-lilac,5pcs Corduroy Comforter 003 - Lilac (Queen),"<p>The 5pcs Corduroy Comforter 003 is a warm and luxuriously soft Queen size comforter set in a soft lilac purple, featuring a plush ribbed corduroy-style texture. This 5-piece set includes 1 comforter, 2 standard pillowcases and 2 continental pillowcases. Soft, warm and cosy - perfect for adding a gentle, elegant touch and comfort to your bedroom.</p>",Agri Hub SA,Bedding,bedding,TRUE,,450.00,50,shopify,deny,manual,https://tkhnvcciiwg6evoc.public.blob.vercel-storage.com/optimized/1783318764690-rhc70k.webp,5pcs Corduroy Comforter 003 - Lilac (Queen)
5pcs-corner-shower-caddy,5pcs Corner Shower Caddy,<p>5pcs Corner Shower Caddy</p>,Agri Hub SA,Kitchenware,kitchenware,TRUE,,295.00,100,shopify,deny,manual,https://agrihubsa.co.za/products/home-living/5pcs-corner-shower-caddy.jpg,5pcs Corner Shower Caddy
5pcs-reversible-comforter-p1,5pcs Flower Reversible Comforter P1,"<p>The 5pcs Reversible Comforter P1 is a stylish two-sided comforter set featuring a delicate cherry-blossom tree design in white and red blooms on a soft grey background, reversing to a solid red diamond-quilted side. The 5-piece set includes 1 comforter, 2 standard pillowcases and 2 continental pillowcases. Soft, warm and versatile - flip it to refresh your bedroom look. Made from 100% polyester.</p>",Agri Hub SA,Bedding,bedding,TRUE,,495.00,50,shopify,deny,manual,https://tkhnvcciiwg6evoc.public.blob.vercel-storage.com/optimized/1783318754293-h9rcg8.webp,5pcs Flower Reversible Comforter P1
5pcs-reversible-comforter-p2,5pcs Flower Reversible Comforter P2,"<p>The 5pcs Reversible Comforter P2 is a stylish two-sided comforter set featuring bold red, white, black and grey vertical stripes, reversing to a solid grey diamond-quilted side. The 5-piece set includes 1 comforter, 2 standard pillowcases and 2 continental pillowcases. Soft, warm and versatile - flip it to refresh your bedroom look. Made from 100% polyester.</p>",Agri Hub SA,Bedding,bedding,TRUE,,495.00,50,shopify,deny,manual,https://tkhnvcciiwg6evoc.public.blob.vercel-storage.com/optimized/1783318742116-5ggmwd.webp,5pcs Flower Reversible Comforter P2
5pcs-reversible-comforter-p3,5pcs Flower Reversible Comforter P3,"<p>The 5pcs Reversible Comforter P3 is a stylish two-sided comforter set featuring a white floral panel of red roses, mauve peonies and golden-yellow blossoms, reversing to a solid red diamond-quilted side. The 5-piece set includes 1 comforter, 2 standard pillowcases and 2 continental pillowcases. Soft, warm and versatile - flip it to refresh your bedroom look. Made from 100% polyester.</p>",Agri Hub SA,Bedding,bedding,TRUE,,495.00,50,shopify,deny,manual,https://tkhnvcciiwg6evoc.public.blob.vercel-storage.com/optimized/1783318742101-khawmc.webp,5pcs Flower Reversible Comforter P3
5pcs-reversible-comforter-p4,5pcs Flower Reversible Comforter P4,"<p>The 5pcs Reversible Comforter P4 is a stylish two-sided comforter set featuring rich red roses over an ornate red scrollwork print, reversing to a solid red diamond-quilted side. The 5-piece set includes 1 comforter, 2 standard pillowcases and 2 continental pillowcases. Soft, warm and versatile - flip it to refresh your bedroom look. Made from 100% polyester.</p>",Agri Hub SA,Bedding,bedding,TRUE,,495.00,50,shopify,deny,manual,https://tkhnvcciiwg6evoc.public.blob.vercel-storage.com/optimized/1783318742270-2cdfs9.webp,5pcs Flower Reversible Comforter P4
5pcs-reversible-comforter-p5,5pcs Flower Reversible Comforter P5,"<p>The 5pcs Reversible Comforter P5 is a stylish two-sided comforter set featuring burgundy and grey panels with white floral scroll columns and wavy black-and-white stripes, reversing to a solid burgundy diamond-quilted side. The 5-piece set includes 1 comforter, 2 standard pillowcases and 2 continental pillowcases. Soft, warm and versatile - flip it to refresh your bedroom look. Made from 100% polyester.</p>",Agri Hub SA,Bedding,bedding,TRUE,,495.00,50,shopify,deny,manual,https://tkhnvcciiwg6evoc.public.blob.vercel-storage.com/optimized/1783318754394-l0svpb.webp,5pcs Flower Reversible Comforter P5
5pcs-reversible-comforter-p6,5pcs Flower Reversible Comforter P6,"<p>The 5pcs Reversible Comforter P6 is a stylish two-sided comforter set featuring large white and red lily floral outlines on a black background, reversing to a solid black diamond-quilted side. The 5-piece set includes 1 comforter, 2 standard pillowcases and 2 continental pillowcases. Soft, warm and versatile - flip it to refresh your bedroom look. Made from 100% polyester.</p>",Agri Hub SA,Bedding,bedding,TRUE,,495.00,50,shopify,deny,manual,https://tkhnvcciiwg6evoc.public.blob.vercel-storage.com/optimized/1783318754636-u99eq9.webp,5pcs Flower Reversible Comforter P6
5pcs-reversible-comforter-p7,5pcs Flower Reversible Comforter P7,"<p>The 5pcs Reversible Comforter P7 is a stylish two-sided comforter set featuring a Paris theme with the Eiffel Tower, script lettering and hearts in teal and white, reversing to a solid teal diamond-quilted side. The 5-piece set includes 1 comforter, 2 standard pillowcases and 2 continental pillowcases. Soft, warm and versatile - flip it to refresh your bedroom look. Made from 100% polyester.</p>",Agri Hub SA,Bedding,bedding,TRUE,,495.00,50,shopify,deny,manual,https://tkhnvcciiwg6evoc.public.blob.vercel-storage.com/optimized/1783318754759-fcr34q.webp,5pcs Flower Reversible Comforter P7
5pcs-reversible-comforter-p8,5pcs Flower Reversible Comforter P8,"<p>The 5pcs Reversible Comforter P8 is a stylish two-sided comforter set featuring gold mandala medallion motifs on a charcoal background, reversing to a solid camel/tan diamond-quilted side. The 5-piece set includes 1 comforter, 2 standard pillowcases and 2 continental pillowcases. Soft, warm and versatile - flip it to refresh your bedroom look. Made from 100% polyester.</p>",Agri Hub SA,Bedding,bedding,TRUE,,495.00,50,shopify,deny,manual,https://tkhnvcciiwg6evoc.public.blob.vercel-storage.com/optimized/1783318745142-3f9i6m.webp,5pcs Flower Reversible Comforter P8
5pcs-frilled-combo-sheet-beige-damask,"5pcs Frilled Combo Sheet, in King, Queen and Double Sizes - Beige Damask","<p>The 5pcs Frilled Combo Sheet in Beige Damask features a beige and taupe base with a black and gold damask chandelier print and a frilled skirt. Available in King, Queen and Double sizes. The 5-piece set includes 1 fitted bedspread with frill, 2 pillowcases and 2 cushion covers.</p>",Agri Hub SA,Bedding,bedding,TRUE,,185.00,50,shopify,deny,manual,https://tkhnvcciiwg6evoc.public.blob.vercel-storage.com/optimized/1783318750932-vxh7it.webp,"5pcs Frilled Combo Sheet, in King, Queen and Double Sizes - Beige Damask"
5pcs-frilled-combo-sheet-blue-floral,"5pcs Frilled Combo Sheet, in King, Queen and Double Sizes - Blue Floral","<p>The 5pcs Frilled Combo Sheet in Blue Floral features a royal blue base with white and grey floral border and a frilled skirt. Available in King, Queen and Double sizes. The 5-piece set includes 1 fitted bedspread with frill, 2 pillowcases and 2 cushion covers.</p>",Agri Hub SA,Bedding,bedding,TRUE,,185.00,50,shopify,deny,manual,https://tkhnvcciiwg6evoc.public.blob.vercel-storage.com/optimized/1783318749601-vh5yya.webp,"5pcs Frilled Combo Sheet, in King, Queen and Double Sizes - Blue Floral"
5pcs-frilled-combo-sheet-blue-flower,"5pcs Frilled Combo Sheet, in King, Queen and Double Sizes - Blue Flower","<p>The 5pcs Frilled Combo Sheet in Blue Flower features a navy base with large blue and white flowers and a striped frilled skirt. Available in King, Queen and Double sizes. The 5-piece set includes 1 fitted bedspread with frill, 2 pillowcases and 2 cushion covers.</p>",Agri Hub SA,Bedding,bedding,TRUE,,185.00,50,shopify,deny,manual,https://tkhnvcciiwg6evoc.public.blob.vercel-storage.com/optimized/1783318752022-kg8v14.webp,"5pcs Frilled Combo Sheet, in King, Queen and Double Sizes - Blue Flower"
5pcs-frilled-combo-sheet-blue-geometric,"5pcs Frilled Combo Sheet, in King, Queen and Double Sizes - Blue Geometric","<p>The 5pcs Frilled Combo Sheet in Blue Geometric features navy and teal stripes with a diamond geometric pattern and a frilled skirt. Available in King, Queen and Double sizes. The 5-piece set includes 1 fitted bedspread with frill, 2 pillowcases and 2 cushion covers.</p>",Agri Hub SA,Bedding,bedding,TRUE,,185.00,50,shopify,deny,manual,https://tkhnvcciiwg6evoc.public.blob.vercel-storage.com/optimized/1783318749317-sg8gwh.webp,"5pcs Frilled Combo Sheet, in King, Queen and Double Sizes - Blue Geometric"
5pcs-frilled-combo-sheet-green-paris,"5pcs Frilled Combo Sheet, in King, Queen and Double Sizes - Green Paris","<p>The 5pcs Frilled Combo Sheet in Green Paris features a white base with green hearts and a black Eiffel Tower Paris print, finished with a frilled skirt. Available in King, Queen and Double sizes. The 5-piece set includes 1 fitted bedspread with frill, 2 pillowcases and 2 cushion covers.</p>",Agri Hub SA,Bedding,bedding,TRUE,,185.00,50,shopify,deny,manual,https://tkhnvcciiwg6evoc.public.blob.vercel-storage.com/optimized/1783318751999-e1no3l.webp,"5pcs Frilled Combo Sheet, in King, Queen and Double Sizes - Green Paris"
5pcs-frilled-combo-sheet-grey-clock,"5pcs Frilled Combo Sheet, in King, Queen and Double Sizes - Grey Clock","<p>The 5pcs Frilled Combo Sheet in Grey Clock features a grey base with a vintage London, Paris, Tokyo and New York clock print and a frilled skirt. Available in King, Queen and Double sizes. The 5-piece set includes 1 fitted bedspread with frill, 2 pillowcases and 2 cushion covers.</p>",Agri Hub SA,Bedding,bedding,TRUE,,185.00,50,shopify,deny,manual,https://tkhnvcciiwg6evoc.public.blob.vercel-storage.com/optimized/1783318749469-0yqawu.webp,"5pcs Frilled Combo Sheet, in King, Queen and Double Sizes - Grey Clock"
5pcs-frilled-combo-sheet-grey-mandala,"5pcs Frilled Combo Sheet, in King, Queen and Double Sizes - Grey Mandala","<p>The 5pcs Frilled Combo Sheet in Grey Mandala features a charcoal grey base with elegant brown and cream mandala medallions and a frilled skirt. Available in King, Queen and Double sizes. The 5-piece set includes 1 fitted bedspread with frill, 2 pillowcases and 2 cushion covers.</p>",Agri Hub SA,Bedding,bedding,TRUE,,185.00,50,shopify,deny,manual,https://tkhnvcciiwg6evoc.public.blob.vercel-storage.com/optimized/1783318749127-b4zwi0.webp,"5pcs Frilled Combo Sheet, in King, Queen and Double Sizes - Grey Mandala"
5pcs-frilled-combo-sheet-maroon-wave,"5pcs Frilled Combo Sheet, in King, Queen and Double Sizes - Maroon Wave","<p>The 5pcs Frilled Combo Sheet in Maroon Wave features a maroon and grey wave pattern with an elegant white scroll motif and a grey frilled skirt. Available in King, Queen and Double sizes. The 5-piece set includes 1 fitted bedspread with frill, 2 pillowcases and 2 cushion covers.</p>",Agri Hub SA,Bedding,bedding,TRUE,,185.00,50,shopify,deny,manual,https://tkhnvcciiwg6evoc.public.blob.vercel-storage.com/optimized/1783318749823-paxc7a.webp,"5pcs Frilled Combo Sheet, in King, Queen and Double Sizes - Maroon Wave"
5pcs-frilled-combo-sheet-red-rose,"5pcs Frilled Combo Sheet, in King, Queen and Double Sizes - Red Rose","<p>The 5pcs Frilled Combo Sheet in Red Rose features lush red roses on a black and red base with a matching frilled skirt. Available in King, Queen and Double sizes. The 5-piece set includes 1 fitted bedspread with frill, 2 pillowcases and 2 cushion covers.</p>",Agri Hub SA,Bedding,bedding,TRUE,,185.00,50,shopify,deny,manual,https://tkhnvcciiwg6evoc.public.blob.vercel-storage.com/optimized/1783318752324-7k9q91.webp,"5pcs Frilled Combo Sheet, in King, Queen and Double Sizes - Red Rose"
5pcs-frilled-combo-sheet-red-stripe,"5pcs Frilled Combo Sheet, in King, Queen and Double Sizes - Red Stripe","<p>The 5pcs Frilled Combo Sheet in Red Stripe features bold red, black, white and grey horizontal stripes with a black frilled skirt. Available in King, Queen and Double sizes. The 5-piece set includes 1 fitted bedspread with frill, 2 pillowcases and 2 cushion covers.</p>",Agri Hub SA,Bedding,bedding,TRUE,,185.00,50,shopify,deny,manual,https://tkhnvcciiwg6evoc.public.blob.vercel-storage.com/optimized/1783318749337-e3bs54.webp,"5pcs Frilled Combo Sheet, in King, Queen and Double Sizes - Red Stripe"
5pcs-frilled-combo-sheet-teal-butterfly,"5pcs Frilled Combo Sheet, in King, Queen and Double Sizes - Teal Butterfly","<p>The 5pcs Frilled Combo Sheet in Teal Butterfly features a rich teal base with gold butterflies and white and yellow flowers, finished with a frilled skirt. Available in King, Queen and Double sizes. The 5-piece set includes 1 fitted bedspread with frill, 2 pillowcases and 2 cushion covers.</p>",Agri Hub SA,Bedding,bedding,TRUE,,185.00,50,shopify,deny,manual,https://tkhnvcciiwg6evoc.public.blob.vercel-storage.com/optimized/1783318749079-3ymbec.webp,"5pcs Frilled Combo Sheet, in King, Queen and Double Sizes - Teal Butterfly"
5pcs-frilled-combo-sheet-white-red-floral,"5pcs Frilled Combo Sheet, in King, Queen and Double Sizes - White Red Floral","<p>The 5pcs Frilled Combo Sheet in White Red Floral features a white base with bold red and mauve roses and a white striped frilled skirt. Available in King, Queen and Double sizes. The 5-piece set includes 1 fitted bedspread with frill, 2 pillowcases and 2 cushion covers.</p>",Agri Hub SA,Bedding,bedding,TRUE,,185.00,50,shopify,deny,manual,https://tkhnvcciiwg6evoc.public.blob.vercel-storage.com/optimized/1783318750928-smegx3.webp,"5pcs Frilled Combo Sheet, in King, Queen and Double Sizes - White Red Floral"
5pcs-generic-reversible-comforters-aqua,5pcs Generic Reversible Comforters-Aqua,"<p>The 5pcs Generic Reversible Comforters in Aqua is a reversible quilted comforter set in aqua turquoise with a light grey reverse side. The 5-piece set includes 1 comforter, 2 standard pillowcases and 2 continental pillowcases.</p>",Agri Hub SA,Bedding,bedding,TRUE,,295.00,50,shopify,deny,manual,https://tkhnvcciiwg6evoc.public.blob.vercel-storage.com/optimized/1783318755373-gehlnj.webp,5pcs Generic Reversible Comforters-Aqua
5pcs-generic-reversible-comforters-black,5pcs Generic Reversible Comforters-Black,"<p>The 5pcs Generic Reversible Comforters in Black is a reversible quilted comforter set in black with a grey reverse side. The 5-piece set includes 1 comforter, 2 standard pillowcases and 2 continental pillowcases.</p>",Agri Hub SA,Bedding,bedding,TRUE,,295.00,50,shopify,deny,manual,https://hebbkx1anhila5yf.public.blob.vercel-storage.com/IMG-20260108-WA0039%281%29-mx0jOVIvn7eRiALTUvnBFkGGSfCaZJ.jpg,5pcs Generic Reversible Comforters-Black
5pcs-generic-reversible-comforters-camel,5pcs Generic Reversible Comforters-Camel,"<p>The 5pcs Generic Reversible Comforters in Camel is a reversible quilted comforter set in camel/khaki with a chocolate brown reverse side. The 5-piece set includes 1 comforter, 2 standard pillowcases and 2 continental pillowcases.</p>",Agri Hub SA,Bedding,bedding,TRUE,,295.00,50,shopify,deny,manual,https://hebbkx1anhila5yf.public.blob.vercel-storage.com/IMG-20260108-WA0030%281%29%20%281%29-32ekdhqIEQGrqSYI7BrP3E0EnmvAEV.jpg,5pcs Generic Reversible Comforters-Camel
5pcs-generic-reversible-comforters-chocolate-brown,5pcs Generic Reversible Comforters-Chocolate Brown,"<p>The 5pcs Generic Reversible Comforters in Chocolate Brown is a reversible quilted comforter set in chocolate brown with a cream/beige reverse side. The 5-piece set includes 1 comforter, 2 standard pillowcases and 2 continental pillowcases.</p>",Agri Hub SA,Bedding,bedding,TRUE,,295.00,50,shopify,deny,manual,https://tkhnvcciiwg6evoc.public.blob.vercel-storage.com/optimized/1783318755007-hvqjq1.webp,5pcs Generic Reversible Comforters-Chocolate Brown
5pcs-generic-reversible-comforters-grey,5pcs Generic Reversible Comforters-Grey,"<p>The 5pcs Generic Reversible Comforters in Grey is a reversible quilted comforter set in charcoal grey with a light grey reverse side. The 5-piece set includes 1 comforter, 2 standard pillowcases and 2 continental pillowcases.</p>",Agri Hub SA,Bedding,bedding,TRUE,,295.00,50,shopify,deny,manual,https://hebbkx1anhila5yf.public.blob.vercel-storage.com/IMG-20260108-WA0028%281%29-ce74KJnZp03bJMQPrzQXWR5Lp49cHr.jpg,5pcs Generic Reversible Comforters-Grey
5pcs-generic-reversible-comforters-grey-black,5pcs Generic Reversible Comforters-Grey & Black,"<p>The 5pcs Generic Reversible Comforters in Grey &amp; Black is a reversible quilted comforter set in light grey with a black reverse side. The 5-piece set includes 1 comforter, 2 standard pillowcases and 2 continental pillowcases.</p>",Agri Hub SA,Bedding,bedding,TRUE,,295.00,50,shopify,deny,manual,https://tkhnvcciiwg6evoc.public.blob.vercel-storage.com/optimized/1783318742199-ss8993.webp,5pcs Generic Reversible Comforters-Grey & Black
5pcs-generic-reversible-comforters-navy-blue,5pcs Generic Reversible Comforters-Navy Blue,"<p>The 5pcs Generic Reversible Comforters in Navy Blue is a reversible quilted comforter set in navy blue with a light blue reverse side. The 5-piece set includes 1 comforter, 2 standard pillowcases and 2 continental pillowcases.</p>",Agri Hub SA,Bedding,bedding,TRUE,,295.00,5,shopify,deny,manual,https://hebbkx1anhila5yf.public.blob.vercel-storage.com/IMG-20260108-WA0032%281%29-RR0r56BsTLIh1tY6p7b4UK89ICMstc.jpg,5pcs Generic Reversible Comforters-Navy Blue
5pcs-generic-reversible-comforters-purple,5pcs Generic Reversible Comforters-Purple,"<p>The 5pcs Generic Reversible Comforters in Purple is a reversible quilted comforter set in purple with a light grey reverse side. The 5-piece set includes 1 comforter, 2 standard pillowcases and 2 continental pillowcases.</p>",Agri Hub SA,Bedding,bedding,TRUE,,295.00,50,shopify,deny,manual,https://hebbkx1anhila5yf.public.blob.vercel-storage.com/IMG-20260108-WA0033%281%29-pNVXal3rF0ztDDRwEF8cy8kV9bdFz4.jpg,5pcs Generic Reversible Comforters-Purple
5pcs-generic-reversible-comforters-red,5pcs Generic Reversible Comforters-Red,"<p>The 5pcs Generic Reversible Comforters in Red is a reversible quilted comforter set in red with a grey reverse side. The 5-piece set includes 1 comforter, 2 standard pillowcases and 2 continental pillowcases.</p>",Agri Hub SA,Bedding,bedding,TRUE,,295.00,50,shopify,deny,manual,https://hebbkx1anhila5yf.public.blob.vercel-storage.com/IMG-20260108-WA0037%281%29-T1sGY7hYUZb32UZiMu3Yb3YsJRFJ6k.jpg,5pcs Generic Reversible Comforters-Red
5pcs-generic-reversible-comforters-sky-blue,5pcs Generic Reversible Comforters-Sky Blue,"<p>The 5pcs Generic Reversible Comforters in Sky Blue is a reversible quilted comforter set in sky blue with a light grey reverse side. The 5-piece set includes 1 comforter, 2 standard pillowcases and 2 continental pillowcases.</p>",Agri Hub SA,Bedding,bedding,TRUE,,295.00,50,shopify,deny,manual,https://hebbkx1anhila5yf.public.blob.vercel-storage.com/IMG-20260108-WA0043%281%29-HP3IIOxcBtaEC887nb4tatFSiaqDZv.jpg,5pcs Generic Reversible Comforters-Sky Blue
5pcs-generic-reversible-comforters-teal,5pcs Generic Reversible Comforters-Teal,"<p>The 5pcs Generic Reversible Comforters in Teal is a reversible quilted comforter set in teal green with a light grey reverse side. The 5-piece set includes 1 comforter, 2 standard pillowcases and 2 continental pillowcases.</p>",Agri Hub SA,Bedding,bedding,TRUE,,295.00,50,shopify,deny,manual,https://tkhnvcciiwg6evoc.public.blob.vercel-storage.com/optimized/1783318742936-d1my9s.webp,5pcs Generic Reversible Comforters-Teal
5pcs-generic-reversible-comforters-white,5pcs Generic Reversible Comforters-White,"<p>The 5pcs Generic Reversible Comforters in White is a reversible quilted comforter set in white with a grey reverse side. The 5-piece set includes 1 comforter, 2 standard pillowcases and 2 continental pillowcases.</p>",Agri Hub SA,Bedding,bedding,TRUE,,295.00,50,shopify,deny,manual,https://hebbkx1anhila5yf.public.blob.vercel-storage.com/IMG-20260108-WA0040%281%29-P1uMmKSd07zQ3dbBhIPFoLNHmAe1Jm.jpg,5pcs Generic Reversible Comforters-White
5pcs-geometric-comforter-beige,5pcs Geometric Comforter-Beige,"<p>The 5pcs Geometric Comforter in Beige is a soft geometric-textured fleece comforter with a cosy sherpa reverse. The 5-piece set includes 1 comforter, 2 standard pillowcases and 2 continental pillowcases.</p>",Agri Hub SA,Bedding,bedding,TRUE,,435.00,50,shopify,deny,manual,https://tkhnvcciiwg6evoc.public.blob.vercel-storage.com/optimized/1783318757573-xy5gnr.webp,5pcs Geometric Comforter-Beige
5pcs-geometric-comforter-blue,5pcs Geometric Comforter-Blue,"<p>The 5pcs Geometric Comforter in Blue is a soft diamond-textured fleece comforter with a cosy white sherpa reverse. The 5-piece set includes 1 comforter, 2 standard pillowcases and 2 continental pillowcases.</p>",Agri Hub SA,Bedding,bedding,TRUE,,435.00,50,shopify,deny,manual,https://tkhnvcciiwg6evoc.public.blob.vercel-storage.com/optimized/1783318743470-m73ffx.webp,5pcs Geometric Comforter-Blue
5pcs-geometric-comforter-chocolate-brown,5pcs Geometric Comforter-Chocolate Brown,"<p>The 5pcs Geometric Comforter in Chocolate Brown is a soft geometric-textured fleece comforter in rich chocolate brown. The 5-piece set includes 1 comforter, 2 standard pillowcases and 2 continental pillowcases.</p>",Agri Hub SA,Bedding,bedding,TRUE,,435.00,50,shopify,deny,manual,https://tkhnvcciiwg6evoc.public.blob.vercel-storage.com/optimized/1783318758331-ien7s8.webp,5pcs Geometric Comforter-Chocolate Brown
5pcs-geometric-comforter-coffee-brown,5pcs Geometric Comforter-Coffee Brown,"<p>The 5pcs Geometric Comforter in Coffee Brown is a soft diamond-textured fleece comforter with a cosy white sherpa reverse. The 5-piece set includes 1 comforter, 2 standard pillowcases and 2 continental pillowcases.</p>",Agri Hub SA,Bedding,bedding,TRUE,,435.00,50,shopify,deny,manual,https://hebbkx1anhila5yf.public.blob.vercel-storage.com/IMG-20260524-WA0091-7PIz8r1wctmIKC3kHac6DRJFslAEPj.jpg,5pcs Geometric Comforter-Coffee Brown
5pcs-geometric-comforter-cream,5pcs Geometric Comforter-Cream,"<p>The 5pcs Geometric Comforter in Cream is a soft diamond-textured fleece comforter with a pink reverse. The 5-piece set includes 1 comforter, 2 standard pillowcases and 2 continental pillowcases.</p>",Agri Hub SA,Bedding,bedding,TRUE,,435.00,50,shopify,deny,manual,https://tkhnvcciiwg6evoc.public.blob.vercel-storage.com/optimized/1783318757381-1h61l2.webp,5pcs Geometric Comforter-Cream
5pcs-geometric-comforter-dark-green,5pcs Geometric Comforter-Dark Green,"<p>The 5pcs Geometric Comforter in Dark Green is a soft geometric-textured fleece comforter in forest green with a white sherpa reverse. The 5-piece set includes 1 comforter, 2 standard pillowcases and 2 continental pillowcases.</p>",Agri Hub SA,Bedding,bedding,TRUE,,435.00,50,shopify,deny,manual,https://tkhnvcciiwg6evoc.public.blob.vercel-storage.com/optimized/1783318758513-h9q0tn.webp,5pcs Geometric Comforter-Dark Green
5pcs-geometric-comforter-dusty-pink,5pcs Geometric Comforter-Dusty Pink,"<p>The 5pcs Geometric Comforter in Dusty Pink is a soft diamond-textured fleece comforter with a cream sherpa reverse. The 5-piece set includes 1 comforter, 2 standard pillowcases and 2 continental pillowcases.</p>",Agri Hub SA,Bedding,bedding,TRUE,,435.00,50,shopify,deny,manual,https://hebbkx1anhila5yf.public.blob.vercel-storage.com/IMG-20260524-WA0092-RKb6jtjQIL6t7ZQM3UrDzEOEZZtyPx.jpg,5pcs Geometric Comforter-Dusty Pink
5pcs-geometric-comforter-grey,5pcs Geometric Comforter-Grey,"<p>The 5pcs Geometric Comforter in Grey is a soft diamond-textured fleece comforter in charcoal grey with a cream sherpa reverse. The 5-piece set includes 1 comforter, 2 standard pillowcases and 2 continental pillowcases.</p>",Agri Hub SA,Bedding,bedding,TRUE,,435.00,50,shopify,deny,manual,https://tkhnvcciiwg6evoc.public.blob.vercel-storage.com/optimized/1783318757742-jq6cwn.webp,5pcs Geometric Comforter-Grey
5pcs-geometric-comforter-light-purple,5pcs Geometric Comforter-Light Purple,"<p>The 5pcs Geometric Comforter in Light Purple is a soft diamond-textured fleece comforter with a cosy cream sherpa reverse. The 5-piece set includes 1 comforter, 2 standard pillowcases and 2 continental pillowcases.</p>",Agri Hub SA,Bedding,bedding,TRUE,,435.00,50,shopify,deny,manual,https://tkhnvcciiwg6evoc.public.blob.vercel-storage.com/optimized/1783318756866-z8jxdk.webp,5pcs Geometric Comforter-Light Purple
5pcs-geometric-comforter-mustard,5pcs Geometric Comforter-Mustard,"<p>The 5pcs Geometric Comforter in Mustard is a soft diamond-textured fleece comforter in warm mustard yellow. The 5-piece set includes 1 comforter, 2 standard pillowcases and 2 continental pillowcases.</p>",Agri Hub SA,Bedding,bedding,TRUE,,435.00,50,shopify,deny,manual,https://tkhnvcciiwg6evoc.public.blob.vercel-storage.com/optimized/1783318743489-bua4iq.webp,5pcs Geometric Comforter-Mustard
5pcs-geometric-comforter-navy-blue,5pcs Geometric Comforter-Navy Blue,"<p>The 5pcs Geometric Comforter in Navy Blue is a soft diamond-textured fleece comforter in deep navy. The 5-piece set includes 1 comforter, 2 standard pillowcases and 2 continental pillowcases.</p>",Agri Hub SA,Bedding,bedding,TRUE,,435.00,50,shopify,deny,manual,https://tkhnvcciiwg6evoc.public.blob.vercel-storage.com/optimized/1783318757345-w9efgf.webp,5pcs Geometric Comforter-Navy Blue
5pcs-geometric-comforter-pink,5pcs Geometric Comforter-Pink,"<p>The 5pcs Geometric Comforter in Pink is a soft diamond-textured fleece comforter with a cosy sherpa reverse. The 5-piece set includes 1 comforter, 2 standard pillowcases and 2 continental pillowcases.</p>",Agri Hub SA,Bedding,bedding,TRUE,,435.00,50,shopify,deny,manual,https://tkhnvcciiwg6evoc.public.blob.vercel-storage.com/optimized/1783318743496-guoazk.webp,5pcs Geometric Comforter-Pink
5pcs-geometric-comforter-pure-white,5pcs Geometric Comforter-Pure White,"<p>The 5pcs Geometric Comforter in Pure White is a soft geometric-textured fleece comforter with a cosy sherpa reverse. The 5-piece set includes 1 comforter, 2 standard pillowcases and 2 continental pillowcases.</p>",Agri Hub SA,Bedding,bedding,TRUE,,435.00,50,shopify,deny,manual,https://tkhnvcciiwg6evoc.public.blob.vercel-storage.com/optimized/1783318758432-9ngagl.webp,5pcs Geometric Comforter-Pure White
5pcs-geometric-comforter-sage-green,5pcs Geometric Comforter-Sage Green,"<p>The 5pcs Geometric Comforter in Sage Green is a soft geometric-textured fleece comforter with a white sherpa reverse. The 5-piece set includes 1 comforter, 2 standard pillowcases and 2 continental pillowcases.</p>",Agri Hub SA,Bedding,bedding,TRUE,,435.00,50,shopify,deny,manual,https://tkhnvcciiwg6evoc.public.blob.vercel-storage.com/optimized/1783318769811-dnb0av.webp,5pcs Geometric Comforter-Sage Green
5pcs-winter-bedspread-bedding-black,5pcs Winter Bedspread Bedding-Black,"<p>The 5pcs Winter Bedspread Bedding in Black is a plush velvet quilted bedspread with elegant geometric stitching in classic black. The 5-piece set includes 1 bedspread, 2 standard pillowcases and 2 continental pillowcases.</p>",Agri Hub SA,Bedding,bedding,TRUE,,510.00,50,shopify,deny,manual,https://tkhnvcciiwg6evoc.public.blob.vercel-storage.com/optimized/1783318759600-xo9so8.webp,5pcs Winter Bedspread Bedding-Black
5pcs-winter-bedspread-bedding-burgundy,5pcs Winter Bedspread Bedding-Burgundy,"<p>The 5pcs Winter Bedspread Bedding in Burgundy is a plush velvet quilted bedspread with elegant geometric stitching in rich burgundy. The 5-piece set includes 1 bedspread, 2 standard pillowcases and 2 continental pillowcases.</p>",Agri Hub SA,Bedding,bedding,TRUE,,510.00,50,shopify,deny,manual,https://tkhnvcciiwg6evoc.public.blob.vercel-storage.com/optimized/1783318759424-uav8q0.webp,5pcs Winter Bedspread Bedding-Burgundy
5pcs-winter-bedspread-bedding-camel,5pcs Winter Bedspread Bedding-Camel,"<p>The 5pcs Winter Bedspread Bedding in Camel is a plush velvet quilted bedspread with elegant geometric stitching in a warm camel tone. The 5-piece set includes 1 bedspread, 2 standard pillowcases and 2 continental pillowcases.</p>",Agri Hub SA,Bedding,bedding,TRUE,,510.00,50,shopify,deny,manual,https://tkhnvcciiwg6evoc.public.blob.vercel-storage.com/optimized/1783318758416-w1xag0.webp,5pcs Winter Bedspread Bedding-Camel
5pcs-winter-bedspread-bedding-charcoal,5pcs Winter Bedspread Bedding-Charcoal,"<p>The 5pcs Winter Bedspread Bedding in Charcoal is a plush velvet quilted bedspread with elegant geometric stitching in dark charcoal grey. The 5-piece set includes 1 bedspread, 2 standard pillowcases and 2 continental pillowcases.</p>",Agri Hub SA,Bedding,bedding,TRUE,,510.00,50,shopify,deny,manual,https://tkhnvcciiwg6evoc.public.blob.vercel-storage.com/optimized/1783318759474-w1p3vj.webp,5pcs Winter Bedspread Bedding-Charcoal
5pcs-winter-bedspread-bedding-mauve,5pcs Winter Bedspread Bedding-Mauve,"<p>The 5pcs Winter Bedspread Bedding in Mauve is a plush velvet quilted bedspread with elegant geometric stitching in a dusty mauve tone. The 5-piece set includes 1 bedspread, 2 standard pillowcases and 2 continental pillowcases.</p>",Agri Hub SA,Bedding,bedding,TRUE,,510.00,50,shopify,deny,manual,https://tkhnvcciiwg6evoc.public.blob.vercel-storage.com/optimized/1783318758560-7e74sx.webp,5pcs Winter Bedspread Bedding-Mauve
5pcs-winter-bedspread-bedding-navy-blue,5pcs Winter Bedspread Bedding-Navy Blue,"<p>The 5pcs Winter Bedspread Bedding in Navy Blue is a plush velvet quilted bedspread with elegant geometric stitching in deep navy. The 5-piece set includes 1 bedspread, 2 standard pillowcases and 2 continental pillowcases.</p>",Agri Hub SA,Bedding,bedding,TRUE,,510.00,50,shopify,deny,manual,https://tkhnvcciiwg6evoc.public.blob.vercel-storage.com/optimized/1783318758974-0bsx5l.webp,5pcs Winter Bedspread Bedding-Navy Blue
5pcs-winter-bedspread-bedding-taupe,5pcs Winter Bedspread Bedding-Taupe,"<p>The 5pcs Winter Bedspread Bedding in Taupe is a plush velvet quilted bedspread with elegant geometric stitching in a soft taupe tone. The 5-piece set includes 1 bedspread, 2 standard pillowcases and 2 continental pillowcases.</p>",Agri Hub SA,Bedding,bedding,TRUE,,510.00,50,shopify,deny,manual,https://tkhnvcciiwg6evoc.public.blob.vercel-storage.com/optimized/1783318758915-ckiqpd.webp,5pcs Winter Bedspread Bedding-Taupe
5pcs-winter-bedspread-bedding-white,5pcs Winter Bedspread Bedding-White,"<p>The 5pcs Winter Bedspread Bedding in White is a plush velvet quilted bedspread with elegant geometric stitching in crisp white. The 5-piece set includes 1 bedspread, 2 standard pillowcases and 2 continental pillowcases.</p>",Agri Hub SA,Bedding,bedding,TRUE,,510.00,50,shopify,deny,manual,https://tkhnvcciiwg6evoc.public.blob.vercel-storage.com/optimized/1783318759585-kuzqcf.webp,5pcs Winter Bedspread Bedding-White
6l-pressure-cooker,6L Pressure Cooker,"<p>6 Liter electric pressure cooker with digital display and multiple cooking modes. Fast, efficient, and safe cooking. Includes preset programs for various dishes.</p>",Agri Hub SA,Kitchenware,kitchenware,TRUE,HL-PRESSURE-001,780.00,100,shopify,deny,manual,https://agrihubsa.co.za/products/home-living/6l-pressure-cooker.jpg,6L Pressure Cooker
6l-triple-cereal-dispenser,6L Triple Cereal Dispenser,"<p>Triple 6L cereal and dry food dispenser with black lids. Keeps cereals, grains, and snacks fresh. Wall-mounted or countertop design.</p>",Agri Hub SA,Kitchenware,kitchenware,TRUE,HL-CEREAL-001,320.00,100,shopify,deny,manual,https://agrihubsa.co.za/products/home-living/6l-triple-cereal-dispenser.jpg,6L Triple Cereal Dispenser
6pcs-stainless-steel-knife-set,6pcs Stainless Steel Knife Set,"<p>6-piece stainless steel kitchen knife set with wooden block. Includes chef knife, bread knife, utility knife, and more. Sharp and durable blades.</p>",Agri Hub SA,Kitchenware,kitchenware,TRUE,HL-KNIFE-001,330.00,100,shopify,deny,manual,https://agrihubsa.co.za/products/home-living/knife-set-stainless.jpg,6pcs Stainless Steel Knife Set
7l-ice-bucket-led-light,7L Ice Bucket with LED Light,<p>7 Liter ice bucket with color-changing LED lights. Perfect for parties and entertaining. Keeps drinks cold while adding ambiance.</p>,Agri Hub SA,Kitchenware,kitchenware,TRUE,HL-ICE-001,260.00,100,shopify,deny,manual,https://agrihubsa.co.za/products/home-living/7l-ice-bucket-led.jpg,7L Ice Bucket with LED Light
7pcs-complete-catering-combo-set,7pcs Complete Catering Combo Set,"<p>Hart 7-piece Complete Catering Combo Set - everything you need to cook for a crowd. Includes five heavy-gauge aluminium pots (50L, 36L, 21L, 12L and 7L) each with a matching lid, a 7L aluminium kettle, and a heavy-duty foldable 4-burner gas stove with hose and regulator. Ideal for functions, caterers, restaurants and large family gatherings.</p>",Agri Hub SA,Kitchenware,kitchenware,TRUE,HL-HART-CATERING-7PCS,4949.00,15,shopify,deny,manual,https://hebbkx1anhila5yf.public.blob.vercel-storage.com/image-du2urFygoSCXgrSomdHB13Y1Rlpt5T.png,7pcs Complete Catering Combo Set
king-comforter-molly-001-pink,"7pcs King Size Comforter Set - Molly-001, Pink","<p>A luxurious pink 7-piece King Size comforter set in warm, soft ribbed corduroy. Includes 1 comforter (220x230cm), 2 pillowshams (48x68+4cm), 2 digital print pillowcases (48x68cm) and 2 cushions (45x45cm). 100% polyester fabric and filling.</p>",Agri Hub SA,Bedding,bedding,TRUE,,735.00,50,shopify,deny,manual,https://tkhnvcciiwg6evoc.public.blob.vercel-storage.com/products/king-comforter-molly-001-pink-1783739953597.jpg,"7pcs King Size Comforter Set - Molly-001, Pink"
king-comforter-molly-002-green,"7pcs King Size Comforter Set - Molly-002, Green","<p>A luxurious green 7-piece King Size comforter set in warm, soft ribbed corduroy. Includes 1 comforter (220x230cm), 2 pillowshams (48x68+4cm), 2 digital print pillowcases (48x68cm) and 2 cushions (45x45cm). 100% polyester fabric and filling.</p>",Agri Hub SA,Bedding,bedding,TRUE,,735.00,50,shopify,deny,manual,https://tkhnvcciiwg6evoc.public.blob.vercel-storage.com/products/king-comforter-molly-002-green-1783739954282.jpg,"7pcs King Size Comforter Set - Molly-002, Green"
king-comforter-molly-003-charcoal,"7pcs King Size Comforter Set - Molly-003, Charcoal","<p>A luxurious charcoal 7-piece King Size comforter set in warm, soft ribbed corduroy. Includes 1 comforter (220x230cm), 2 pillowshams (48x68+4cm), 2 digital print pillowcases (48x68cm) and 2 cushions (45x45cm). 100% polyester fabric and filling.</p>",Agri Hub SA,Bedding,bedding,TRUE,,735.00,50,shopify,deny,manual,https://tkhnvcciiwg6evoc.public.blob.vercel-storage.com/products/king-comforter-molly-003-charcoal-1783739954657.jpg,"7pcs King Size Comforter Set - Molly-003, Charcoal"
king-comforter-molly-004-beige,"7pcs King Size Comforter Set - Molly-004, Beige","<p>A luxurious beige 7-piece King Size comforter set in warm, soft ribbed corduroy. Includes 1 comforter (220x230cm), 2 pillowshams (48x68+4cm), 2 digital print pillowcases (48x68cm) and 2 cushions (45x45cm). 100% polyester fabric and filling.</p>",Agri Hub SA,Bedding,bedding,TRUE,,735.00,5,shopify,deny,manual,https://tkhnvcciiwg6evoc.public.blob.vercel-storage.com/products/king-comforter-molly-004-beige-1783739955047.jpg,"7pcs King Size Comforter Set - Molly-004, Beige"
king-comforter-molly-005-brown,"7pcs King Size Comforter Set - Molly-005, Brown","<p>A luxurious brown 7-piece King Size comforter set in warm, soft ribbed corduroy. Includes 1 comforter (220x230cm), 2 pillowshams (48x68+4cm), 2 digital print pillowcases (48x68cm) and 2 cushions (45x45cm). 100% polyester fabric and filling.</p>",Agri Hub SA,Bedding,bedding,TRUE,,735.00,50,shopify,deny,manual,https://tkhnvcciiwg6evoc.public.blob.vercel-storage.com/products/king-comforter-molly-005-brown-1783739955434.jpg,"7pcs King Size Comforter Set - Molly-005, Brown"
king-comforter-molly-006-white,"7pcs King Size Comforter Set - Molly-006, White","<p>A luxurious white 7-piece King Size comforter set in warm, soft ribbed corduroy. Includes 1 comforter (220x230cm), 2 pillowshams (48x68+4cm), 2 digital print pillowcases (48x68cm) and 2 cushions (45x45cm). 100% polyester fabric and filling.</p>",Agri Hub SA,Bedding,bedding,TRUE,,735.00,50,shopify,deny,manual,https://tkhnvcciiwg6evoc.public.blob.vercel-storage.com/products/king-comforter-molly-006-white-1783739955834.jpg,"7pcs King Size Comforter Set - Molly-006, White"
8pcs-non-stick-granite-cookware-pot-set-beige,8pcs Non-Stick Granite Cookware Pot Set-Beige,"<p>8-piece non-stick granite cookware pot set in a warm beige speckled finish. Includes assorted pots with tempered glass lids, stay-cool handles and a durable non-stick granite coating - ideal for everyday cooking.</p>",Agri Hub SA,Kitchenware,kitchenware,TRUE,GPS-8PC-BEIGE,1050.00,10,shopify,deny,manual,https://hebbkx1anhila5yf.public.blob.vercel-storage.com/image-DoThsx829YBDmfZ9gZ4p2MYCSf6Xm3.png,8pcs Non-Stick Granite Cookware Pot Set-Beige
8pcs-non-stick-granite-cookware-pot-set-blue,8pcs Non-Stick Granite Cookware Pot Set-Blue,"<p>8-piece non-stick granite cookware pot set in a vibrant blue speckled finish with matching handles. Includes assorted pots with tempered glass lids, stay-cool handles and a durable non-stick granite coating - ideal for everyday cooking.</p>",Agri Hub SA,Kitchenware,kitchenware,TRUE,GPS-8PC-BLUE,1050.00,10,shopify,deny,manual,https://hebbkx1anhila5yf.public.blob.vercel-storage.com/image-2OM4PVBb7XrtBsWDBKc3LaGjxIdfxa.png,8pcs Non-Stick Granite Cookware Pot Set-Blue
8pcs-non-stick-granite-cookware-pot-set-red,8pcs Non-Stick Granite Cookware Pot Set-Red,"<p>8-piece non-stick granite cookware pot set in a bold red speckled finish with wood-look handles. Includes assorted pots with tempered glass lids, stay-cool handles and a durable non-stick granite coating - ideal for everyday cooking.</p>",Agri Hub SA,Kitchenware,kitchenware,TRUE,GPS-8PC-RED,1050.00,10,shopify,deny,manual,https://hebbkx1anhila5yf.public.blob.vercel-storage.com/image-NIF9Hit4vp9YcZ7Dbip41utL5MkYNV.png,8pcs Non-Stick Granite Cookware Pot Set-Red
8pcs-spice-jar-rotating-rack,8pcs Spice Jar Rotating Rack,<p>Elegant 8-piece spice jar set on a rotating gold rack. Glass jars with gold lids for storing spices. Adds style and organization to your kitchen.</p>,Agri Hub SA,Kitchenware,kitchenware,TRUE,HL-SPICE-001,250.00,100,shopify,deny,manual,https://agrihubsa.co.za/products/home-living/8pcs-spice-jar-rotating-rack.jpg,8pcs Spice Jar Rotating Rack
9kg-new-empty-gas-cylinder-cadac,9kg New Empty Gas Cylinder (CADAC),<p>New empty 9kg CADAC gas cylinder in blue. Ready for refilling at your local gas supplier. Durable and safe construction.</p>,Agri Hub SA,Kitchenware,kitchenware,TRUE,HL-GAS-001,760.00,100,shopify,deny,manual,https://agrihubsa.co.za/products/home-living/9kg-gas-cylinder.jpg,9kg New Empty Gas Cylinder (CADAC)
9pcs-comforter-3d-carpet-combo-set-blue,9pcs Comforter & 3D Carpet Combo SET-Blue,"<p>9-piece comforter and 3D carpet combo set. Includes 1 comforter, 2 continental pillowcases, 2 standard pillowcases, 2 square cushions, 2 bolster cushions and 1 matching 3D carpet. Luxury and comfort in one complete matching set.</p>",Noor Bedding,Bedding,bedding,TRUE,HL-9PCS-COMBO-BLUE,630.00,100,shopify,deny,manual,https://tkhnvcciiwg6evoc.public.blob.vercel-storage.com/products/bedding/9pcs-comforter-carpet-combo-blue.png,9pcs Comforter & 3D Carpet Combo SET-Blue
9pcs-comforter-3d-carpet-combo-set-camel,9pcs Comforter & 3D Carpet Combo SET-Camel,"<p>9-piece comforter and 3D carpet combo set. Includes 1 comforter, 2 continental pillowcases, 2 standard pillowcases, 2 square cushions, 2 bolster cushions and 1 matching 3D carpet. Luxury and comfort in one complete matching set.</p>",Noor Bedding,Bedding,bedding,TRUE,HL-9PCS-COMBO-CAMEL,630.00,100,shopify,deny,manual,https://tkhnvcciiwg6evoc.public.blob.vercel-storage.com/products/bedding/9pcs-comforter-carpet-combo-camel.png,9pcs Comforter & 3D Carpet Combo SET-Camel
9pcs-comforter-3d-carpet-combo-set-coral,9pcs Comforter & 3D Carpet Combo SET-Coral,"<p>9-piece comforter and 3D carpet combo set. Includes 1 comforter, 2 continental pillowcases, 2 standard pillowcases, 2 square cushions, 2 bolster cushions and 1 matching 3D carpet. Luxury and comfort in one complete matching set.</p>",Noor Bedding,Bedding,bedding,TRUE,HL-9PCS-COMBO-CORAL,630.00,100,shopify,deny,manual,https://tkhnvcciiwg6evoc.public.blob.vercel-storage.com/products/bedding/9pcs-comforter-carpet-combo-coral.png,9pcs Comforter & 3D Carpet Combo SET-Coral
9pcs-comforter-3d-carpet-combo-set-grey,9pcs Comforter & 3D Carpet Combo SET-Grey,"<p>9-piece comforter and 3D carpet combo set. Includes 1 comforter, 2 continental pillowcases, 2 standard pillowcases, 2 square cushions, 2 bolster cushions and 1 matching 3D carpet. Luxury and comfort in one complete matching set.</p>",Noor Bedding,Bedding,bedding,TRUE,HL-9PCS-COMBO-GREY,630.00,100,shopify,deny,manual,https://tkhnvcciiwg6evoc.public.blob.vercel-storage.com/products/bedding/9pcs-comforter-carpet-combo-grey.png,9pcs Comforter & 3D Carpet Combo SET-Grey
9pcs-comforter-3d-carpet-combo-set-purple,9pcs Comforter & 3D Carpet Combo SET-Purple,"<p>9-piece comforter and 3D carpet combo set. Includes 1 comforter, 2 continental pillowcases, 2 standard pillowcases, 2 square cushions, 2 bolster cushions and 1 matching 3D carpet. Luxury and comfort in one complete matching set.</p>",Noor Bedding,Bedding,bedding,TRUE,HL-9PCS-COMBO-PURPLE,630.00,100,shopify,deny,manual,https://tkhnvcciiwg6evoc.public.blob.vercel-storage.com/products/bedding/9pcs-comforter-carpet-combo-purple.png,9pcs Comforter & 3D Carpet Combo SET-Purple
9pcs-comforter-3d-carpet-combo-set-red,9pcs Comforter & 3D Carpet Combo SET-Red,"<p>9-piece comforter and 3D carpet combo set. Includes 1 comforter, 2 continental pillowcases, 2 standard pillowcases, 2 square cushions, 2 bolster cushions and 1 matching 3D carpet. Luxury and comfort in one complete matching set.</p>",Noor Bedding,Bedding,bedding,TRUE,HL-9PCS-COMBO-RED,630.00,100,shopify,deny,manual,https://tkhnvcciiwg6evoc.public.blob.vercel-storage.com/products/bedding/9pcs-comforter-carpet-combo-red.png,9pcs Comforter & 3D Carpet Combo SET-Red
9pcs-comforter-3d-carpet-combo-set-teal,9pcs Comforter & 3D Carpet Combo SET-Teal,"<p>9-piece comforter and 3D carpet combo set. Includes 1 comforter, 2 continental pillowcases, 2 standard pillowcases, 2 square cushions, 2 bolster cushions and 1 matching 3D carpet. Luxury and comfort in one complete matching set.</p>",Noor Bedding,Bedding,bedding,TRUE,HL-9PCS-COMBO-TEAL,630.00,100,shopify,deny,manual,https://tkhnvcciiwg6evoc.public.blob.vercel-storage.com/products/bedding/9pcs-comforter-carpet-combo-teal.png,9pcs Comforter & 3D Carpet Combo SET-Teal
9pcs-comforter-set-black,9pcs Comforter Set-Black,"<p>Luxurious 9-piece diamond-quilted comforter set. Each set includes 1 comforter, 2 continental pillowcases, 2 standard pillowcases, 2 cushion cases and 2 neck pillows. Soft, durable microfibre with an elegant diamond-stitch finish that adds warmth and style to any bedroom.</p>",Agri Hub SA,Bedding,bedding,TRUE,HL-9PCS-COMF-13,530.00,100,shopify,deny,manual,https://agrihubsa.co.za/products/comforter-9pcs/img-14.png,9pcs Comforter Set-Black
9pcs-comforter-set-camel,9pcs Comforter Set-Camel,"<p>Luxurious 9-piece diamond-quilted comforter set. Each set includes 1 comforter, 2 continental pillowcases, 2 standard pillowcases, 2 cushion cases and 2 neck pillows. Soft, durable microfibre with an elegant diamond-stitch finish that adds warmth and style to any bedroom.</p>",Agri Hub SA,Bedding,bedding,TRUE,HL-9PCS-COMF-10,530.00,100,shopify,deny,manual,https://agrihubsa.co.za/products/comforter-9pcs/img-11.png,9pcs Comforter Set-Camel
9pcs-comforter-set-chocolate-brown,9pcs Comforter Set-Chocolate Brown,"<p>Luxurious 9-piece diamond-quilted comforter set. Each set includes 1 comforter, 2 continental pillowcases, 2 standard pillowcases, 2 cushion cases and 2 neck pillows. Soft, durable microfibre with an elegant diamond-stitch finish that adds warmth and style to any bedroom.</p>",Agri Hub SA,Bedding,bedding,TRUE,HL-9PCS-COMF-11,530.00,100,shopify,deny,manual,https://agrihubsa.co.za/products/comforter-9pcs/img-12.png,9pcs Comforter Set-Chocolate Brown
9pcs-comforter-set-coral,9pcs Comforter Set-Coral,"<p>Luxurious 9-piece diamond-quilted comforter set. Each set includes 1 comforter, 2 continental pillowcases, 2 standard pillowcases, 2 cushion cases and 2 neck pillows. Soft, durable microfibre with an elegant diamond-stitch finish that adds warmth and style to any bedroom.</p>",Agri Hub SA,Bedding,bedding,TRUE,HL-9PCS-COMF-02,530.00,100,shopify,deny,manual,https://agrihubsa.co.za/products/comforter-9pcs/img-03.png,9pcs Comforter Set-Coral
9pcs-comforter-set-green,9pcs Comforter Set-Green,"<p>Luxurious 9-piece diamond-quilted comforter set. Each set includes 1 comforter, 2 continental pillowcases, 2 standard pillowcases, 2 cushion cases and 2 neck pillows. Soft, durable microfibre with an elegant diamond-stitch finish that adds warmth and style to any bedroom.</p>",Agri Hub SA,Bedding,bedding,TRUE,HL-9PCS-COMF-12,530.00,100,shopify,deny,manual,https://agrihubsa.co.za/products/comforter-9pcs/img-13.png,9pcs Comforter Set-Green
9pcs-comforter-set-grey,9pcs Comforter Set-Grey,"<p>Luxurious 9-piece diamond-quilted comforter set. Each set includes 1 comforter, 2 continental pillowcases, 2 standard pillowcases, 2 cushion cases and 2 neck pillows. Soft, durable microfibre with an elegant diamond-stitch finish that adds warmth and style to any bedroom.</p>",Agri Hub SA,Bedding,bedding,TRUE,HL-9PCS-COMF-06,530.00,100,shopify,deny,manual,https://agrihubsa.co.za/products/comforter-9pcs/img-07.png,9pcs Comforter Set-Grey
9pcs-comforter-set-light-blue,9pcs Comforter Set-Light Blue,"<p>Luxurious 9-piece diamond-quilted comforter set. Each set includes 1 comforter, 2 continental pillowcases, 2 standard pillowcases, 2 cushion cases and 2 neck pillows. Soft, durable microfibre with an elegant diamond-stitch finish that adds warmth and style to any bedroom.</p>",Agri Hub SA,Bedding,bedding,TRUE,HL-9PCS-COMF-08,530.00,100,shopify,deny,manual,https://agrihubsa.co.za/products/comforter-9pcs/img-09.png,9pcs Comforter Set-Light Blue
9pcs-comforter-set-lilac,9pcs Comforter Set-Lilac,"<p>Luxurious 9-piece diamond-quilted comforter set. Each set includes 1 comforter, 2 continental pillowcases, 2 standard pillowcases, 2 cushion cases and 2 neck pillows. Soft, durable microfibre with an elegant diamond-stitch finish that adds warmth and style to any bedroom.</p>",Agri Hub SA,Bedding,bedding,TRUE,HL-9PCS-COMF-05,530.00,100,shopify,deny,manual,https://agrihubsa.co.za/products/comforter-9pcs/img-06.png,9pcs Comforter Set-Lilac
9pcs-comforter-set-maroon,9pcs Comforter Set-Maroon,"<p>Luxurious 9-piece diamond-quilted comforter set. Each set includes 1 comforter, 2 continental pillowcases, 2 standard pillowcases, 2 cushion cases and 2 neck pillows. Soft, durable microfibre with an elegant diamond-stitch finish that adds warmth and style to any bedroom.</p>",Agri Hub SA,Bedding,bedding,TRUE,HL-9PCS-COMF-07,530.00,100,shopify,deny,manual,https://agrihubsa.co.za/products/comforter-9pcs/img-08.png,9pcs Comforter Set-Maroon
9pcs-comforter-set-mustard,9pcs Comforter Set-Mustard,"<p>Luxurious 9-piece diamond-quilted comforter set. Each set includes 1 comforter, 2 continental pillowcases, 2 standard pillowcases, 2 cushion cases and 2 neck pillows. Soft, durable microfibre with an elegant diamond-stitch finish that adds warmth and style to any bedroom.</p>",Agri Hub SA,Bedding,bedding,TRUE,HL-9PCS-COMF-09,530.00,100,shopify,deny,manual,https://agrihubsa.co.za/products/comforter-9pcs/img-10.png,9pcs Comforter Set-Mustard
9pcs-comforter-set-navy-blue,9pcs Comforter Set-Navy Blue,"<p>Luxurious 9-piece diamond-quilted comforter set. Each set includes 1 comforter, 2 continental pillowcases, 2 standard pillowcases, 2 cushion cases and 2 neck pillows. Soft, durable microfibre with an elegant diamond-stitch finish that adds warmth and style to any bedroom.</p>",Agri Hub SA,Bedding,bedding,TRUE,HL-9PCS-COMF-01,530.00,100,shopify,deny,manual,https://agrihubsa.co.za/products/comforter-9pcs/img-02.png,9pcs Comforter Set-Navy Blue
9pcs-comforter-set-purple,9pcs Comforter Set-Purple,"<p>Luxurious 9-piece diamond-quilted comforter set. Each set includes 1 comforter, 2 continental pillowcases, 2 standard pillowcases, 2 cushion cases and 2 neck pillows. Soft, durable microfibre with an elegant diamond-stitch finish that adds warmth and style to any bedroom.</p>",Agri Hub SA,Bedding,bedding,TRUE,HL-9PCS-COMF-03,530.00,100,shopify,deny,manual,https://agrihubsa.co.za/products/comforter-9pcs/img-04.png,9pcs Comforter Set-Purple
9pcs-comforter-set-white,9pcs Comforter Set-White,"<p>Luxurious 9-piece diamond-quilted comforter set. Each set includes 1 comforter, 2 continental pillowcases, 2 standard pillowcases, 2 cushion cases and 2 neck pillows. Soft, durable microfibre with an elegant diamond-stitch finish that adds warmth and style to any bedroom.</p>",Agri Hub SA,Bedding,bedding,TRUE,HL-9PCS-COMF-04,530.00,100,shopify,deny,manual,https://agrihubsa.co.za/products/comforter-9pcs/img-05.png,9pcs Comforter Set-White
agri-hub-kids-bedding-blue-spider-man,Agri Hub Kids Bedding-Blue Spider-Man,"<p>Fun 3-quarter kids bedding set with an Ultimate Spider-Man print on a blue web and building backdrop. Soft, cosy and perfect for a child's room. Size: 3 Quarter.</p>",Agri Hub SA,Bedding,bedding,TRUE,KIDS-SPIDERMAN-BLUE,260.00,20,shopify,deny,manual,https://hebbkx1anhila5yf.public.blob.vercel-storage.com/WA_1784331129839%20%281%29-u3MevWb68H4ZXpmpeIhMeNHRaqBwsH.jpeg,Agri Hub Kids Bedding-Blue Spider-Man
agri-hub-kids-bedding-blue-stitch,Agri Hub Kids Bedding-Blue Stitch,"<p>Fun 3-quarter kids bedding set with a cheerful Lilo &amp; Stitch print on a royal blue base with yellow flowers and stars. Soft, cosy and perfect for a child's room. Size: 3 Quarter.</p>",Agri Hub SA,Bedding,bedding,TRUE,KIDS-STITCH-BLUE,260.00,20,shopify,deny,manual,https://hebbkx1anhila5yf.public.blob.vercel-storage.com/WA_1784331332290-JDokEFYVwZvgKQ2kFqwAJx3RPgi6Tw.jpeg,Agri Hub Kids Bedding-Blue Stitch
agri-hub-kids-bedding-light-blue-stitch,Agri Hub Kids Bedding-Light Blue Stitch,"<p>Fun 3-quarter kids bedding set with a Lilo &amp; Stitch print on a pale light-blue and white base. Soft, cosy and perfect for a child's room. Size: 3 Quarter.</p>",Agri Hub SA,Bedding,bedding,TRUE,KIDS-STITCH-LIGHTBLUE,260.00,20,shopify,deny,manual,https://hebbkx1anhila5yf.public.blob.vercel-storage.com/WA_1784331405486-LKwPujhuqkBYnquHJqGSPVGhe4dxqf.jpeg,Agri Hub Kids Bedding-Light Blue Stitch
agri-hub-kids-bedding-magenta-hello-kitty,Agri Hub Kids Bedding-Magenta Hello Kitty,"<p>Fun 3-quarter kids bedding set with an ""I love KT"" Hello Kitty print, pink top fading into a magenta leopard-print base. Soft, cosy and perfect for a child's room. Size: 3 Quarter.</p>",Agri Hub SA,Bedding,bedding,TRUE,KIDS-HELLOKITTY-MAGENTA,260.00,20,shopify,deny,manual,https://hebbkx1anhila5yf.public.blob.vercel-storage.com/WA_1784331260355-9RUXG9uF88FZ4gaA7rJ7uYgp01gZeJ.jpeg,Agri Hub Kids Bedding-Magenta Hello Kitty
agri-hub-kids-bedding-navy-mickey-mouse,Agri Hub Kids Bedding-Navy Mickey Mouse,"<p>Fun 3-quarter kids bedding set with a bold Mickey Mouse print on a navy blue base with red polka-dot borders. Soft, cosy and perfect for a child's room. Size: 3 Quarter.</p>",Agri Hub SA,Bedding,bedding,TRUE,KIDS-MICKEY-NAVY,260.00,20,shopify,deny,manual,https://hebbkx1anhila5yf.public.blob.vercel-storage.com/WA_1784331214021-962jD9PItGaTDbShgliqivrowOZDdE.jpeg,Agri Hub Kids Bedding-Navy Mickey Mouse
agri-hub-kids-bedding-pink-frozen,Agri Hub Kids Bedding-Pink Frozen,"<p>Fun 3-quarter kids bedding set with a Disney Frozen print featuring Elsa and Anna on a pink base. Soft, cosy and perfect for a child's room. Size: 3 Quarter.</p>",Agri Hub SA,Bedding,bedding,TRUE,KIDS-FROZEN-PINK,260.00,20,shopify,deny,manual,https://hebbkx1anhila5yf.public.blob.vercel-storage.com/WA_1784331021144-mgHfOH9rTenQ8qFpzaifiTx0bmUwl4.jpeg,Agri Hub Kids Bedding-Pink Frozen
agri-hub-kids-bedding-pink-hello-kitty,Agri Hub Kids Bedding-Pink Hello Kitty,"<p>Fun 3-quarter kids bedding set with an adorable Hello Kitty print on a soft pink base with hearts. Soft, cosy and perfect for a child's room. Size: 3 Quarter.</p>",Agri Hub SA,Bedding,bedding,TRUE,KIDS-HELLOKITTY-PINK,260.00,20,shopify,deny,manual,https://hebbkx1anhila5yf.public.blob.vercel-storage.com/WA_1784331297397-BQ1GwKfJhBLlOzUs5bSiWdJacYRQgZ.jpeg,Agri Hub Kids Bedding-Pink Hello Kitty
agri-hub-kids-bedding-pink-minnie-dots,Agri Hub Kids Bedding-Pink Minnie Dots,"<p>Fun 3-quarter kids bedding set with a bright Minnie Mouse polka-dot print on a pink and magenta base. Soft, cosy and perfect for a child's room. Size: 3 Quarter.</p>",Agri Hub SA,Bedding,bedding,TRUE,KIDS-MINNIE-DOTS-PINK,260.00,20,shopify,deny,manual,https://hebbkx1anhila5yf.public.blob.vercel-storage.com/WA_1784331368659-BSn8mj0ghC5m4kmonIAO4VvxQFtYw7.jpeg,Agri Hub Kids Bedding-Pink Minnie Dots
agri-hub-kids-bedding-pink-minnie-floral,Agri Hub Kids Bedding-Pink Minnie Floral,"<p>Fun 3-quarter kids bedding set with a Minnie Mouse floral print on a pink wood-grain style base with daisies. Soft, cosy and perfect for a child's room. Size: 3 Quarter.</p>",Agri Hub SA,Bedding,bedding,TRUE,KIDS-MINNIE-FLORAL-PINK,260.00,20,shopify,deny,manual,https://hebbkx1anhila5yf.public.blob.vercel-storage.com/WA_1784331087865-bEJOW6xeqngpXcKXjKIBtRicPi887t.jpeg,Agri Hub Kids Bedding-Pink Minnie Floral
agri-hub-kids-bedding-pink-minnie-paris,Agri Hub Kids Bedding-Pink Minnie Paris,"<p>Fun 3-quarter kids bedding set with a Minnie Mouse in Paris print featuring the Eiffel Tower on a pink base. Soft, cosy and perfect for a child's room. Size: 3 Quarter.</p>",Agri Hub SA,Bedding,bedding,TRUE,KIDS-MINNIE-PARIS-PINK,260.00,20,shopify,deny,manual,https://hebbkx1anhila5yf.public.blob.vercel-storage.com/WA_1784331437805-NCXoEBihGubxf8ykoQas6dH55XivCz.jpeg,Agri Hub Kids Bedding-Pink Minnie Paris
agri-hub-kids-bedding-red-spider-man,Agri Hub Kids Bedding-Red Spider-Man,"<p>Fun 3-quarter kids bedding set with an action-packed Spider-Man print and spiderweb pattern on a bright red base. Soft, cosy and perfect for a child's room. Size: 3 Quarter.</p>",Agri Hub SA,Bedding,bedding,TRUE,KIDS-SPIDERMAN-RED,260.00,20,shopify,deny,manual,https://hebbkx1anhila5yf.public.blob.vercel-storage.com/WA_1784331173105-8KunWmTnhd9ZRbrQkzJ0GXUbWhQLfv.jpeg,Agri Hub Kids Bedding-Red Spider-Man
agri-hub-kids-bedding-red-spider-man-city,Agri Hub Kids Bedding-Red Spider-Man City,"<p>Fun 3-quarter kids bedding set with a Spider-Man city-skyline scene on a red base. Soft, cosy and perfect for a child's room. Size: 3 Quarter.</p>",Agri Hub SA,Bedding,bedding,TRUE,KIDS-SPIDERMAN-CITY-RED,260.00,20,shopify,deny,manual,https://hebbkx1anhila5yf.public.blob.vercel-storage.com/WA_1784331468907-geW4N8oIyaf319BICOICaQXymSFEz1.jpeg,Agri Hub Kids Bedding-Red Spider-Man City
aura-premium-carpet-160cm-by-230cm-beige-gold,Aura Premium Carpet 160cm by 230cm - Beige Gold,"<p>Aura Premium Carpet measuring 160cm by 230cm in beige and brown with gold geometric lines framing a grey centre. Luxurious, hard-wearing pile that anchors any modern living space.</p>",Agri Hub SA,Bedding,bedding,TRUE,APC-160230-BEIGEGOLD,535.00,15,shopify,deny,manual,https://hebbkx1anhila5yf.public.blob.vercel-storage.com/image-ETXfs3vOK9nQ6QRPyMEpuwuJOZz22Z.png,Aura Premium Carpet 160cm by 230cm - Beige Gold
aura-premium-carpet-160cm-by-230cm-black-border,Aura Premium Carpet 160cm by 230cm - Black Border,"<p>Aura Premium Carpet measuring 160cm by 230cm in a distressed black finish framed by an intricate white geometric border. Luxurious, hard-wearing pile that anchors any modern living space.</p>",Agri Hub SA,Bedding,bedding,TRUE,APC-160230-BLKBORDER,535.00,15,shopify,deny,manual,https://hebbkx1anhila5yf.public.blob.vercel-storage.com/image-1ERuoS3MTUfUN8k0yK0JKBHTgaz4EC.png,Aura Premium Carpet 160cm by 230cm - Black Border
aura-premium-carpet-160cm-by-230cm-black-gold-geometric,Aura Premium Carpet 160cm by 230cm - Black Gold Geometric,"<p>Aura Premium Carpet measuring 160cm by 230cm featuring bold black and gold geometric frames on a soft grey striated ground. Luxurious, hard-wearing pile that anchors any modern living space.</p>",Agri Hub SA,Bedding,bedding,TRUE,APC-160230-BLKGOLDGEO,535.00,15,shopify,deny,manual,https://hebbkx1anhila5yf.public.blob.vercel-storage.com/image-Tf6x1gVGXIyQqlstbq8tnlc2syRHfm.png,Aura Premium Carpet 160cm by 230cm - Black Gold Geometric
aura-premium-carpet-160cm-by-230cm-black-gold-marble,Aura Premium Carpet 160cm by 230cm - Black Gold Marble,"<p>Aura Premium Carpet measuring 160cm by 230cm in a black marble design with gold veins and a classic Greek-key border. Luxurious, hard-wearing pile that anchors any modern living space.</p>",Agri Hub SA,Kitchenware,kitchenware,TRUE,APC-160230-BLKGOLDMARBLE,535.00,15,shopify,deny,manual,https://hebbkx1anhila5yf.public.blob.vercel-storage.com/image-ksqYtXWbL7j5bgF749HKMh0UlYRG9B.png,Aura Premium Carpet 160cm by 230cm - Black Gold Marble
aura-premium-carpet-160cm-by-230cm-brown-circles,Aura Premium Carpet 160cm by 230cm - Brown Circles,"<p>Aura Premium Carpet measuring 160cm by 230cm in brown, beige and cream with a bold geometric arc and circle motif. Luxurious, hard-wearing pile that anchors any modern living space.</p>",Agri Hub SA,Bedding,bedding,TRUE,APC-160230-BROWNCIRC,535.00,15,shopify,deny,manual,https://hebbkx1anhila5yf.public.blob.vercel-storage.com/image-b0RJTOCiPmPiC54PVPeraOUtcHmbNU.png,Aura Premium Carpet 160cm by 230cm - Brown Circles
aura-premium-carpet-160cm-by-230cm-brown-feather,Aura Premium Carpet 160cm by 230cm - Brown Feather,"<p>Aura Premium Carpet measuring 160cm by 230cm in rich brown with an elegant white and beige feather motif. Luxurious, hard-wearing pile that anchors any modern living space.</p>",Agri Hub SA,Bedding,bedding,TRUE,APC-160230-BROWNFEATHER,535.00,15,shopify,deny,manual,https://hebbkx1anhila5yf.public.blob.vercel-storage.com/image-BcTHv7NeK27ORubN9hJ6tWVrkGXzXi.png,Aura Premium Carpet 160cm by 230cm - Brown Feather
aura-premium-carpet-160cm-by-230cm-brown-ikat,Aura Premium Carpet 160cm by 230cm - Brown Ikat,"<p>Aura Premium Carpet measuring 160cm by 230cm in a warm brown and beige ikat design with black flame chevrons. Luxurious, hard-wearing pile that anchors any modern living space.</p>",Agri Hub SA,Bedding,bedding,TRUE,APC-160230-BROWNIKAT,535.00,15,shopify,deny,manual,https://hebbkx1anhila5yf.public.blob.vercel-storage.com/image-AmtyFETAjYVliT50YWPgAWIKolFAXc.png,Aura Premium Carpet 160cm by 230cm - Brown Ikat
aura-premium-carpet-160cm-by-230cm-charcoal-stripe,Aura Premium Carpet 160cm by 230cm - Charcoal Stripe,"<p>Aura Premium Carpet measuring 160cm by 230cm in a black and cream abstract brushstroke stripe design. Luxurious, hard-wearing pile that anchors any modern living space.</p>",Agri Hub SA,Bedding,bedding,TRUE,APC-160230-CHARSTRIPE,535.00,15,shopify,deny,manual,https://hebbkx1anhila5yf.public.blob.vercel-storage.com/image-ZSoOqdfM3TGuD2U2L1LyEjXy1JTV4R.png,Aura Premium Carpet 160cm by 230cm - Charcoal Stripe
aura-premium-carpet-160cm-by-230cm-grey-gold-lines,Aura Premium Carpet 160cm by 230cm - Grey Gold Lines,"<p>Aura Premium Carpet measuring 160cm by 230cm in dark grey and black with crisp gold and white geometric lines. Luxurious, hard-wearing pile that anchors any modern living space.</p>",Agri Hub SA,Bedding,bedding,TRUE,APC-160230-GREYGOLDLINE,535.00,15,shopify,deny,manual,https://hebbkx1anhila5yf.public.blob.vercel-storage.com/image-tMXgGgHHqmDHmAN3FPM7LCNYwQKeMY.png,Aura Premium Carpet 160cm by 230cm - Grey Gold Lines
aura-premium-carpet-160cm-by-230cm-grey-gold-ombre,Aura Premium Carpet 160cm by 230cm - Grey Gold Ombre,"<p>Aura Premium Carpet measuring 160cm by 230cm in a grey ombre design accented with subtle gold lines. Luxurious, hard-wearing pile that anchors any modern living space.</p>",Agri Hub SA,Bedding,bedding,TRUE,APC-160230-GREYGOLDOMBRE,535.00,15,shopify,deny,manual,https://hebbkx1anhila5yf.public.blob.vercel-storage.com/image-u2y7jQ21eQsGpzfCiNaw89zGg6mRz6.png,Aura Premium Carpet 160cm by 230cm - Grey Gold Ombre
aura-premium-carpet-160cm-by-230cm-navy-gold,Aura Premium Carpet 160cm by 230cm - Navy Gold,"<p>Aura Premium Carpet measuring 160cm by 230cm in a navy blue-grey abstract design with striking gold streaks. Luxurious, hard-wearing pile that anchors any modern living space.</p>",Agri Hub SA,Bedding,bedding,TRUE,APC-160230-NAVYGOLD,535.00,15,shopify,deny,manual,https://hebbkx1anhila5yf.public.blob.vercel-storage.com/image-OrBWeUEAovpdEfY0sUIdz5kiKzuKvy.png,Aura Premium Carpet 160cm by 230cm - Navy Gold
royal-dessini-10-piece-granite-cookware-set-beige,Brand New Royal Dessini 10-Piece Granite Cookware Set (Beige) - in Box,"<p>Brand new, boxed Royal Dessini 10-piece granite cookware set in a warm beige speckled finish. Includes assorted pots with tempered glass lids, stay-cool handles and a durable non-stick granite coating - ideal for everyday cooking.</p>",Agri Hub SA,Kitchenware,kitchenware,TRUE,RD-10PC-BEIGE,1490.00,10,shopify,deny,manual,https://hebbkx1anhila5yf.public.blob.vercel-storage.com/image-i2yI5iNEzDAjPPJtFy9ujUvUuoaA3E.png,Brand New Royal Dessini 10-Piece Granite Cookware Set (Beige) - in Box
royal-dessini-10-piece-granite-cookware-set-black,Brand New Royal Dessini 10-Piece Granite Cookware Set (Black) - in Box,"<p>Brand new, boxed Royal Dessini 10-piece granite cookware set in a sleek black speckled finish. Includes assorted pots with tempered glass lids, stay-cool handles and a durable non-stick granite coating - ideal for everyday cooking.</p>",Agri Hub SA,Kitchenware,kitchenware,TRUE,RD-10PC-BLACK,1490.00,10,shopify,deny,manual,https://hebbkx1anhila5yf.public.blob.vercel-storage.com/image-TxO0H9lnssUGb4PMK2boThOOYErKxb.png,Brand New Royal Dessini 10-Piece Granite Cookware Set (Black) - in Box
royal-dessini-10-piece-granite-cookware-set-grey,Brand New Royal Dessini 10-Piece Granite Cookware Set (Grey) - in Box,"<p>Brand new, boxed Royal Dessini 10-piece granite cookware set in a stylish grey speckled finish. Includes assorted pots with tempered glass lids, stay-cool handles and a durable non-stick granite coating - ideal for everyday cooking.</p>",Agri Hub SA,Kitchenware,kitchenware,TRUE,RD-10PC-GREY,1490.00,10,shopify,deny,manual,https://hebbkx1anhila5yf.public.blob.vercel-storage.com/image-TijJ5IWNUE7TZ4tNUYyw0w8wP17cJ4.png,Brand New Royal Dessini 10-Piece Granite Cookware Set (Grey) - in Box
classic-4pcs-steel-breadbin-canister-set-black,Classic 4pcs Steel BreadBin and Canister Set - Black,"<p>Classic retro 4-piece steel kitchen storage set with a rounded bread bin featuring a chrome wavy carry handle and chrome feet, plus matching tea, coffee and sugar canisters with chrome loop lids. Glossy black finish.</p>",Agri Hub SA,Kitchenware,kitchenware,TRUE,HL-CBBCS-BLACK,549.00,25,shopify,deny,manual,https://hebbkx1anhila5yf.public.blob.vercel-storage.com/image-X8eAjxVVDB5IQMz5mKeXfJLepZpblx.png,Classic 4pcs Steel BreadBin and Canister Set - Black
classic-4pcs-steel-breadbin-canister-set-cream,Classic 4pcs Steel BreadBin and Canister Set - Cream,"<p>Classic retro 4-piece steel kitchen storage set with a rounded bread bin featuring a chrome wavy carry handle and chrome feet, plus matching tea, coffee and sugar canisters with chrome loop lids. Cream finish.</p>",Agri Hub SA,Kitchenware,kitchenware,TRUE,HL-CBBCS-CREAM,549.00,25,shopify,deny,manual,https://hebbkx1anhila5yf.public.blob.vercel-storage.com/image-GTRV7DSYEvYPxZdVPmK8xG9SrCyKlC.png,Classic 4pcs Steel BreadBin and Canister Set - Cream
classic-4pcs-steel-breadbin-canister-set-grey,Classic 4pcs Steel BreadBin and Canister Set - Grey,"<p>Classic retro 4-piece steel kitchen storage set with a rounded bread bin featuring a chrome wavy carry handle and chrome feet, plus matching tea, coffee and sugar canisters with chrome loop lids. Glossy grey finish.</p>",Agri Hub SA,Kitchenware,kitchenware,TRUE,HL-CBBCS-GREY,549.00,25,shopify,deny,manual,https://hebbkx1anhila5yf.public.blob.vercel-storage.com/image-HUoUjwdAPIGMs5QzytNyGXTWjk8vtS.png,Classic 4pcs Steel BreadBin and Canister Set - Grey
classic-4pcs-steel-breadbin-canister-set-white,Classic 4pcs Steel BreadBin and Canister Set - White,"<p>Classic retro 4-piece steel kitchen storage set with a rounded bread bin featuring a chrome wavy carry handle and chrome feet, plus matching tea, coffee and sugar canisters with chrome loop lids. Glossy white finish.</p>",Agri Hub SA,Kitchenware,kitchenware,TRUE,HL-CBBCS-WHITE,549.00,25,shopify,deny,manual,https://hebbkx1anhila5yf.public.blob.vercel-storage.com/image-CWxSVqKzdDIayEnceGR3ctFMpIOViA.png,Classic 4pcs Steel BreadBin and Canister Set - White
corduroy-fleece-001-red,Corduroy Fleece 001 - Red (180 x 200cm),"<p>The Corduroy Fleece 001 is a warm and luxuriously soft fleece throw blanket measuring 180 x 200cm, featuring a plush ribbed corduroy-style texture in a rich, deep red. Perfect for adding cosy comfort and a pop of colour to your bed, couch or favourite chair. Soft, warm and easy to care for.</p>",Agri Hub SA,Bedding,bedding,TRUE,,180.00,50,shopify,deny,manual,https://tkhnvcciiwg6evoc.public.blob.vercel-storage.com/optimized/1783318771001-dd2k0l.webp,Corduroy Fleece 001 - Red (180 x 200cm)
corduroy-fleece-002-camel,Corduroy Fleece 002 - Camel (180 x 200cm),"<p>The Corduroy Fleece 002 is a warm and luxuriously soft fleece throw blanket measuring 180 x 200cm, featuring a plush ribbed corduroy-style texture in a warm camel beige. Perfect for adding cosy comfort and a neutral, elegant touch to your bed, couch or favourite chair. Soft, warm and easy to care for.</p>",Agri Hub SA,Bedding,bedding,TRUE,,180.00,50,shopify,deny,manual,https://tkhnvcciiwg6evoc.public.blob.vercel-storage.com/optimized/1783318764806-vgjx9l.webp,Corduroy Fleece 002 - Camel (180 x 200cm)
corduroy-fleece-003-teal,Corduroy Fleece 003 - Teal (180 x 200cm),"<p>The Corduroy Fleece 003 is a warm and luxuriously soft fleece throw blanket measuring 180 x 200cm, featuring a plush ribbed corduroy-style texture in a vibrant teal. Perfect for adding cosy comfort and a bold splash of colour to your bed, couch or favourite chair. Soft, warm and easy to care for.</p>",Agri Hub SA,Bedding,bedding,TRUE,,180.00,50,shopify,deny,manual,https://tkhnvcciiwg6evoc.public.blob.vercel-storage.com/optimized/1783318764361-l799r1.webp,Corduroy Fleece 003 - Teal (180 x 200cm)
dish-rack-durable-al-superior-quality,"Dish Rack (Size L 609mm, W 267mm and H 342mm)(Durable Al Superior Quality)","<p>Premium two-tier dish rack made from durable aluminum. Features upper rack for plates and cutting boards, lower draining tray for bowls, side glass holders, and utensil caddy. Dimensions: Length 609mm x Width 267mm x Height 342mm. Superior quality construction for long-lasting use.</p>",Agri Hub SA,Kitchenware,kitchenware,TRUE,,510.00,30,shopify,deny,manual,https://agrihubsa.co.za/products/home-living/dish-rack-durable-al.jpg,"Dish Rack (Size L 609mm, W 267mm and H 342mm)(Durable Al Superior Quality)"
dolphin-21-piece-stainless-steel-pot-steamer-utensil-set,"Dolphin 21-Piece Stainless Steel Pot, Steamer & Utensil Set","<p>Dolphin Home 21-piece German-designed high quality stainless steel cookware set. Features an 11-layer capsuled bottom for even heat distribution and cooking without fat or water. Includes multiple pots with tempered glass lids, a steamer insert, a frying pan, a frying basket, trivets and serving utensils - suitable for all hob types.</p>",Agri Hub SA,Kitchenware,kitchenware,TRUE,HL-DOLPHIN-21PCS,1290.00,25,shopify,deny,manual,https://hebbkx1anhila5yf.public.blob.vercel-storage.com/image-veI5IoHthVKfEwp0KTlVasLNzZ9x45.png,"Dolphin 21-Piece Stainless Steel Pot, Steamer & Utensil Set"
dolphin-24-piece-german-design-stainless-steel-pot-kitchen-utensil-set,Dolphin 24-Piece German-Design Stainless Steel Pot & Kitchen Utensil Set,"<p>Dolphin Home 24-piece German-designed premium stainless steel cookware set. Features an 11-layer capsuled bottom for even heat distribution across all hob types. Includes multiple pots with tempered glass lids, a steamer, mixing bowls, a frying basket, serving utensils and a trivet - everything needed for the kitchen of your dreams.</p>",Agri Hub SA,Kitchenware,kitchenware,TRUE,HL-DOLPHIN-24PCS,1200.00,25,shopify,deny,manual,https://hebbkx1anhila5yf.public.blob.vercel-storage.com/image-cQMqHZYoEx8gtAGrVtenzXabmqycm4.png,Dolphin 24-Piece German-Design Stainless Steel Pot & Kitchen Utensil Set
dolphin-home-30-piece-premium-stainless-steel-cookware-set,Dolphin Home 30-Piece Premium Stainless Steel Cookware Set,"<p>Dolphin Home 30-piece German-designed premium stainless steel cookware set. Features a new 11-layer capsuled bottom for superior temperature control and even heat distribution - cook and fry without fat or water. Includes a stackable steamer tower, multiple pots with tempered glass lids, a whistling kettle, a frying pan, a frying basket, trivets, kitchen knives, scissors and serving utensils.</p>",Agri Hub SA,Kitchenware,kitchenware,TRUE,HL-DOLPHIN-30PCS,1090.00,25,shopify,deny,manual,https://hebbkx1anhila5yf.public.blob.vercel-storage.com/30pcs%20pot.png-y4CEortbf23AXXRVMZUwEvLm3fBCkg.jpeg,Dolphin Home 30-Piece Premium Stainless Steel Cookware Set
easy-spin-cutter,Easy Spin Cutter,"<p>Green manual food chopper and spin cutter. Easy pull-cord operation for quick chopping of vegetables, fruits, and more. Compact and easy to clean.</p>",Agri Hub SA,Kitchenware,kitchenware,TRUE,HL-SPIN-001,60.00,100,shopify,deny,manual,https://agrihubsa.co.za/products/home-living/easy-spin-cutter.jpg,Easy Spin Cutter
egg-shaped-cutlery-set,Egg Shaped Cutlery Set,<p>Decorative egg-shaped cutlery holder with copper/rose gold top. Unique and elegant design for storing kitchen utensils. Makes a great centerpiece.</p>,Agri Hub SA,Kitchenware,kitchenware,TRUE,HL-EGGCUT-001,350.00,100,shopify,deny,manual,https://agrihubsa.co.za/products/home-living/egg-shaped-cutlery-set.jpg,Egg Shaped Cutlery Set
eggs-holder,Eggs Holder,<p>Stackable egg storage container in white/cream color. Keeps eggs organized and protected in your refrigerator. Space-saving design.</p>,Agri Hub SA,Kitchenware,kitchenware,TRUE,HL-EGG-001,110.00,100,shopify,deny,manual,https://agrihubsa.co.za/products/home-living/eggs-holder.jpg,Eggs Holder
fleece-blanket-throw-black-200cm-by-230cm,"Fleece Blanket Throw-Black, 200cm by 230cm","<p>The LRG Throw Fleece in Black features a cosy patchwork check of black, cream and tan marled squares, with a soft sherpa backing. Plush, warm and beautifully finished, perfect for the couch or bed. Measures 200cm x 230cm.</p>",Agri Hub SA,Bedding,bedding,TRUE,,265.00,50,shopify,deny,manual,https://tkhnvcciiwg6evoc.public.blob.vercel-storage.com/optimized/1783318739957-rloy87.webp,"Fleece Blanket Throw-Black, 200cm by 230cm"
fleece-blanket-throw-blue-200cm-by-230cm,"Fleece Blanket Throw-Blue, 200cm by 230cm","<p>The LRG Throw Fleece in Blue features a cosy patchwork check of navy and grey squares framed by bold white grid borders, with a soft sherpa backing. Plush, warm and beautifully finished, perfect for the couch or bed. Measures 200cm x 230cm.</p>",Agri Hub SA,Bedding,bedding,TRUE,,265.00,50,shopify,deny,manual,https://tkhnvcciiwg6evoc.public.blob.vercel-storage.com/optimized/1783318744466-pocuat.webp,"Fleece Blanket Throw-Blue, 200cm by 230cm"
fleece-blanket-throw-brown-200cm-by-230cm,"Fleece Blanket Throw-Brown, 200cm by 230cm","<p>The LRG Throw Fleece in Brown features a cosy patchwork check of brown and grey squares framed by cream borders, with a soft sherpa backing. Plush, warm and beautifully finished, perfect for the couch or bed. Measures 200cm x 230cm.</p>",Agri Hub SA,Bedding,bedding,TRUE,,265.00,50,shopify,deny,manual,https://tkhnvcciiwg6evoc.public.blob.vercel-storage.com/optimized/1783318739744-uwstvg.webp,"Fleece Blanket Throw-Brown, 200cm by 230cm"
fleece-blanket-throw-lilac-200cm-by-230cm,"Fleece Blanket Throw-Lilac, 200cm by 230cm","<p>The LRG Throw Fleece in Lilac features a cosy patchwork check of lilac-purple and sage-grey squares framed by cream borders, with a soft sherpa backing. Plush, warm and beautifully finished, perfect for the couch or bed. Measures 200cm x 230cm.</p>",Agri Hub SA,Bedding,bedding,TRUE,,265.00,50,shopify,deny,manual,https://tkhnvcciiwg6evoc.public.blob.vercel-storage.com/optimized/1783318740107-gogmmh.webp,"Fleece Blanket Throw-Lilac, 200cm by 230cm"
fleece-blanket-throw-maroon-200cm-by-230cm,"Fleece Blanket Throw-Maroon, 200cm by 230cm","<p>The LRG Throw Fleece in Maroon features a cosy houndstooth check of dark red and black framed by crisp white borders, with a soft sherpa backing. Plush, warm and beautifully finished, perfect for the couch or bed. Measures 200cm x 230cm.</p>",Agri Hub SA,Bedding,bedding,TRUE,,265.00,50,shopify,deny,manual,https://tkhnvcciiwg6evoc.public.blob.vercel-storage.com/optimized/1783318744441-n8gxsz.webp,"Fleece Blanket Throw-Maroon, 200cm by 230cm"
fleece-blanket-throw-navy-200cm-by-230cm,"Fleece Blanket Throw-Navy, 200cm by 230cm","<p>The LRG Throw Fleece in Navy features a cosy patchwork check of navy blue and marled grey-beige squares framed by crisp white borders, with a soft sherpa backing. Plush, warm and beautifully finished, perfect for the couch or bed. Measures 200cm x 230cm.</p>",Agri Hub SA,Bedding,bedding,TRUE,,265.00,50,shopify,deny,manual,https://tkhnvcciiwg6evoc.public.blob.vercel-storage.com/optimized/1783318744732-usr9xh.webp,"Fleece Blanket Throw-Navy, 200cm by 230cm"
fleece-blanket-throw-pink-200cm-by-230cm,"Fleece Blanket Throw-Pink, 200cm by 230cm","<p>The LRG Throw Fleece in Pink features a cosy patchwork check of pink and grey squares framed by crisp white borders, with a soft sherpa backing. Plush, warm and beautifully finished, perfect for the couch or bed. Measures 200cm x 230cm.</p>",Agri Hub SA,Bedding,bedding,TRUE,,265.00,50,shopify,deny,manual,https://tkhnvcciiwg6evoc.public.blob.vercel-storage.com/optimized/1783318739796-x4lsjp.webp,"Fleece Blanket Throw-Pink, 200cm by 230cm"
fleece-blanket-throw-rose-200cm-by-230cm,"Fleece Blanket Throw-Rose, 200cm by 230cm","<p>The LRG Throw Fleece in Rose features a cosy patchwork check of red and pink blocks framed by crisp white borders, with a soft sherpa backing. Plush, warm and beautifully finished, perfect for the couch or bed. Measures 200cm x 230cm.</p>",Agri Hub SA,Bedding,bedding,TRUE,,265.00,50,shopify,deny,manual,https://tkhnvcciiwg6evoc.public.blob.vercel-storage.com/optimized/1783318765389-e95db2.webp,"Fleece Blanket Throw-Rose, 200cm by 230cm"
fleece-blanket-throw-royal-blue-200cm-by-230cm,"Fleece Blanket Throw-Royal Blue, 200cm by 230cm","<p>The LRG Throw Fleece in Royal Blue features a cosy houndstooth check of royal blue and black blocks framed by crisp white borders, with a soft sherpa backing. Plush, warm and beautifully finished, perfect for the couch or bed. Measures 200cm x 230cm.</p>",Agri Hub SA,Bedding,bedding,TRUE,,265.00,50,shopify,deny,manual,https://tkhnvcciiwg6evoc.public.blob.vercel-storage.com/optimized/1783318739715-r6vo3y.webp,"Fleece Blanket Throw-Royal Blue, 200cm by 230cm"
fleece-blanket-throw-tan-200cm-by-230cm,"Fleece Blanket Throw-Tan, 200cm by 230cm","<p>The LRG Throw Fleece in Tan features a cosy patchwork check of camel-tan and grey squares framed by crisp white borders, with a soft cream sherpa backing. Plush, warm and beautifully finished, perfect for the couch or bed. Measures 200cm x 230cm.</p>",Agri Hub SA,Bedding,bedding,TRUE,,265.00,50,shopify,deny,manual,https://tkhnvcciiwg6evoc.public.blob.vercel-storage.com/optimized/1783318765292-0esrzs.webp,"Fleece Blanket Throw-Tan, 200cm by 230cm"
fleece-blanket-throw-teal-green-200cm-by-230cm,"Fleece Blanket Throw-Teal Green, 200cm by 230cm","<p>The LRG Throw Fleece in Teal Green features a cosy patchwork check of teal and grey squares framed by crisp white borders, with a soft sherpa backing. Plush, warm and beautifully finished, perfect for the couch or bed. Measures 200cm x 230cm.</p>",Agri Hub SA,Bedding,bedding,TRUE,,265.00,50,shopify,deny,manual,https://tkhnvcciiwg6evoc.public.blob.vercel-storage.com/optimized/1783318765419-9ea66d.webp,"Fleece Blanket Throw-Teal Green, 200cm by 230cm"
fleece-blanket-throw-teal-200cm-by-230cm,"Fleece Blanket Throw-Teal, 200cm by 230cm","<p>The LRG Throw Fleece in Teal features a cosy patchwork check of teal-blue and grey squares framed by crisp white borders, with a soft cream sherpa backing. Plush, warm and beautifully finished, perfect for the couch or bed. Measures 200cm x 230cm.</p>",Agri Hub SA,Bedding,bedding,TRUE,,265.00,50,shopify,deny,manual,https://tkhnvcciiwg6evoc.public.blob.vercel-storage.com/optimized/1783318765076-ez0yhf.webp,"Fleece Blanket Throw-Teal, 200cm by 230cm"
fleece-throw-180x200-blue,Fleece Throw 180cm X 200cm - Blue,"<p>The Fleece Throw 180cm X 200cm in Blue is a soft, plush solid-colour throw that adds warmth and a bright touch to any room. Lightweight yet cosy, perfect for the couch or bed. Measures 180cm x 200cm.</p>",Agri Hub SA,Bedding,bedding,TRUE,,255.00,50,shopify,deny,manual,https://tkhnvcciiwg6evoc.public.blob.vercel-storage.com/optimized/1783318748497-aawf4r.webp,Fleece Throw 180cm X 200cm - Blue
fleece-throw-180x200-cream,Fleece Throw 180cm X 200cm - Cream,"<p>The Fleece Throw 180cm X 200cm in Cream is a soft, plush solid-colour throw that adds warmth and a soft, neutral touch to any room. Lightweight yet cosy, perfect for the couch or bed. Measures 180cm x 200cm.</p>",Agri Hub SA,Bedding,bedding,TRUE,,255.00,50,shopify,deny,manual,https://tkhnvcciiwg6evoc.public.blob.vercel-storage.com/optimized/1783318741715-j71x3y.webp,Fleece Throw 180cm X 200cm - Cream
fleece-throw-180x200-grey,Fleece Throw 180cm X 200cm - Grey,"<p>The Fleece Throw 180cm X 200cm in Grey is a soft, plush solid-colour throw that adds warmth and a neutral elegance to any room. Lightweight yet cosy, perfect for the couch or bed. Measures 180cm x 200cm.</p>",Agri Hub SA,Bedding,bedding,TRUE,,255.00,50,shopify,deny,manual,https://tkhnvcciiwg6evoc.public.blob.vercel-storage.com/optimized/1783318748603-z1hmom.webp,Fleece Throw 180cm X 200cm - Grey
fleece-throw-180x200-navy,Fleece Throw 180cm X 200cm - Navy,"<p>The Fleece Throw 180cm X 200cm in Navy is a soft, plush solid-colour throw that adds warmth and a deep, classic tone to any room. Lightweight yet cosy, perfect for the couch or bed. Measures 180cm x 200cm.</p>",Agri Hub SA,Bedding,bedding,TRUE,,255.00,50,shopify,deny,manual,https://tkhnvcciiwg6evoc.public.blob.vercel-storage.com/optimized/1783318748677-n4e30h.webp,Fleece Throw 180cm X 200cm - Navy
fleece-throw-180x200-pink,Fleece Throw 180cm X 200cm - Pink,"<p>The Fleece Throw 180cm X 200cm in Pink is a soft, plush solid-colour throw that adds warmth and a pop of colour to any room. Lightweight yet cosy, perfect for the couch or bed. Measures 180cm x 200cm.</p>",Agri Hub SA,Bedding,bedding,TRUE,,255.00,50,shopify,deny,manual,https://tkhnvcciiwg6evoc.public.blob.vercel-storage.com/optimized/1783318748485-cnw4jw.webp,Fleece Throw 180cm X 200cm - Pink
fleece-throw-180x200-red,Fleece Throw 180cm X 200cm - Red,"<p>The Fleece Throw 180cm X 200cm in Red is a soft, plush solid-colour throw that adds warmth and rich colour to any room. Lightweight yet cosy, perfect for the couch or bed. Measures 180cm x 200cm.</p>",Agri Hub SA,Bedding,bedding,TRUE,,255.00,50,shopify,deny,manual,https://tkhnvcciiwg6evoc.public.blob.vercel-storage.com/optimized/1783318748458-y7nnl0.webp,Fleece Throw 180cm X 200cm - Red
fleece-throw-180x200-teal,Fleece Throw 180cm X 200cm - Teal,"<p>The Fleece Throw 180cm X 200cm in Teal is a soft, plush solid-colour throw that adds warmth and a fresh, calming hue to any room. Lightweight yet cosy, perfect for the couch or bed. Measures 180cm x 200cm.</p>",Agri Hub SA,Bedding,bedding,TRUE,,255.00,50,shopify,deny,manual,https://tkhnvcciiwg6evoc.public.blob.vercel-storage.com/optimized/1783318741359-a44duq.webp,Fleece Throw 180cm X 200cm - Teal
fleece-throw-180x200-white,Fleece Throw 180cm X 200cm - White,"<p>The Fleece Throw 180cm X 200cm in White is a soft, plush solid-colour throw that adds warmth and a clean, crisp look to any room. Lightweight yet cosy, perfect for the couch or bed. Measures 180cm x 200cm.</p>",Agri Hub SA,Bedding,bedding,TRUE,,255.00,50,shopify,deny,manual,https://tkhnvcciiwg6evoc.public.blob.vercel-storage.com/optimized/1783318741857-o74gf5.webp,Fleece Throw 180cm X 200cm - White
foldable-bamboo-tray,Foldable Bamboo Tray,<p>Elegant foldable bamboo breakfast tray with folding legs. Perfect for breakfast in bed or serving. Sturdy and lightweight.</p>,Agri Hub SA,Kitchenware,kitchenware,TRUE,HL-BTRAY-001,210.00,100,shopify,deny,manual,https://agrihubsa.co.za/products/home-living/bamboo-tray.jpg,Foldable Bamboo Tray
foldable-table,Foldable Table,"<p>White foldable table with sturdy metal legs. Perfect for events, parties, camping, or extra dining space. Folds flat for easy storage.</p>",Agri Hub SA,Kitchenware,kitchenware,TRUE,HL-TABLE-002,650.00,100,shopify,deny,manual,https://agrihubsa.co.za/products/home-living/foldable-table.jpg,Foldable Table
foldable-table-also-available-in-black,Foldable Table (also available in black),"<p>White foldable table with sturdy metal legs. Perfect for events, parties, camping, or extra dining space. Folds flat for easy storage. Also available in black.</p>",Agri Hub SA,Kitchenware,kitchenware,TRUE,,650.00,100,shopify,deny,manual,https://agrihubsa.co.za/products/home-living/foldable-table.jpg,Foldable Table (also available in black)
fortis-6-pack-folding-chair-black-and-white-black1,Fortis 6-Pack Folding Chair (black and white)-Black1,"<p>Fortis 6-pack of strong, comfortable and portable folding chairs in black with sturdy powder-coated metal legs. Ideal for events, parties, dining and extra seating - folds flat for easy storage.</p>",Agri Hub SA,Kitchenware,kitchenware,TRUE,FORTIS-6PK-BLACK1,1590.00,10,shopify,deny,manual,https://hebbkx1anhila5yf.public.blob.vercel-storage.com/image-H5IyMZ7KwgfzgBveqDqSnUWm1iH54a.png,Fortis 6-Pack Folding Chair (black and white)-Black1
fortis-6-pack-folding-chair-black-and-white-black2,Fortis 6-Pack Folding Chair (black and white)-Black2,"<p>Fortis 6-pack of strong, comfortable and portable folding chairs in black with sturdy powder-coated metal legs. Ideal for events, parties, dining and extra seating - folds flat for easy storage.</p>",Agri Hub SA,Kitchenware,kitchenware,TRUE,FORTIS-6PK-BLACK2,1590.00,10,shopify,deny,manual,https://hebbkx1anhila5yf.public.blob.vercel-storage.com/image-PbtsxZGEUv3iIhIIka2owGOzgVKZqk.png,Fortis 6-Pack Folding Chair (black and white)-Black2
fortis-6-pack-folding-chair-black-and-white-white1,Fortis 6-Pack Folding Chair (black and white)-White1,"<p>Fortis 6-pack of strong, comfortable and portable folding chairs in white with sturdy powder-coated metal legs. Ideal for events, parties, dining and extra seating - folds flat for easy storage.</p>",Agri Hub SA,Kitchenware,kitchenware,TRUE,FORTIS-6PK-WHITE1,1590.00,10,shopify,deny,manual,https://hebbkx1anhila5yf.public.blob.vercel-storage.com/image-FIHd03T0LkPIvLWVspSTYkZwnaUAWa.png,Fortis 6-Pack Folding Chair (black and white)-White1
fortis-6-pack-folding-chair-black-and-white-white2,Fortis 6-Pack Folding Chair (black and white)-White2,"<p>Fortis 6-pack of strong, comfortable and portable folding chairs in white with sturdy powder-coated metal legs. Ideal for events, parties, dining and extra seating - folds flat for easy storage.</p>",Agri Hub SA,Kitchenware,kitchenware,TRUE,FORTIS-6PK-WHITE2,1590.00,10,shopify,deny,manual,https://hebbkx1anhila5yf.public.blob.vercel-storage.com/image-xYJoXEEuovw7HAVlQCo1jJeWJdiI1C.png,Fortis 6-Pack Folding Chair (black and white)-White2
gen-throw-fleece-blue-180cm-by-200cm,"Gen, Throw Fleece-Blue, 180cm by 200cm","<p>Ultra-soft ribbed faux-fur fleece throw in a vivid royal blue. Measuring 180cm x 200cm, it brings cosy warmth and a plush, textured accent to any couch, bed or living space.</p>",Agri Hub SA,Bedding,bedding,TRUE,HL-THROW-FLEECE-BLUE,195.00,100,shopify,deny,manual,https://agrihubsa.co.za/products/throw-fleece/blue.png,"Gen, Throw Fleece-Blue, 180cm by 200cm"
gen-throw-fleece-brown-180cm-by-200cm,"Gen, Throw Fleece-Brown, 180cm by 200cm","<p>Ultra-soft ribbed faux-fur fleece throw in a warm chocolate brown. Measuring 180cm x 200cm, it brings cosy warmth and a plush, textured accent to any couch, bed or living space.</p>",Agri Hub SA,Bedding,bedding,TRUE,HL-THROW-FLEECE-BROWN,195.00,100,shopify,deny,manual,https://agrihubsa.co.za/products/throw-fleece/brown.png,"Gen, Throw Fleece-Brown, 180cm by 200cm"
gen-throw-fleece-grey-180cm-by-200cm,"Gen, Throw Fleece-Grey, 180cm by 200cm","<p>Ultra-soft ribbed faux-fur fleece throw in a versatile charcoal grey. Measuring 180cm x 200cm, it brings cosy warmth and a plush, textured accent to any couch, bed or living space.</p>",Agri Hub SA,Bedding,bedding,TRUE,HL-THROW-FLEECE-GREY,195.00,100,shopify,deny,manual,https://agrihubsa.co.za/products/throw-fleece/grey.png,"Gen, Throw Fleece-Grey, 180cm by 200cm"
gen-throw-fleece-navy-180cm-by-200cm,"Gen, Throw Fleece-Navy, 180cm by 200cm","<p>Ultra-soft ribbed faux-fur fleece throw in a deep navy blue. Measuring 180cm x 200cm, it brings cosy warmth and a plush, textured accent to any couch, bed or living space.</p>",Agri Hub SA,Bedding,bedding,TRUE,HL-THROW-FLEECE-NAVY,195.00,100,shopify,deny,manual,https://agrihubsa.co.za/products/throw-fleece/navy.png,"Gen, Throw Fleece-Navy, 180cm by 200cm"
gen-throw-fleece-pink-180cm-by-200cm,"Gen, Throw Fleece-Pink, 180cm by 200cm","<p>Ultra-soft ribbed faux-fur fleece throw in a bright pink. Measuring 180cm x 200cm, it brings cosy warmth and a plush, textured accent to any couch, bed or living space.</p>",Agri Hub SA,Bedding,bedding,TRUE,HL-THROW-FLEECE-PINK,195.00,100,shopify,deny,manual,https://agrihubsa.co.za/products/throw-fleece/pink.png,"Gen, Throw Fleece-Pink, 180cm by 200cm"
gen-throw-fleece-purple-180cm-by-200cm,"Gen, Throw Fleece-Purple, 180cm by 200cm","<p>Ultra-soft ribbed faux-fur fleece throw in a rich purple. Measuring 180cm x 200cm, it brings cosy warmth and a plush, textured accent to any couch, bed or living space.</p>",Agri Hub SA,Bedding,bedding,TRUE,HL-THROW-FLEECE-PURPLE,195.00,100,shopify,deny,manual,https://agrihubsa.co.za/products/throw-fleece/purple.png,"Gen, Throw Fleece-Purple, 180cm by 200cm"
gen-throw-fleece-red-180cm-by-200cm,"Gen, Throw Fleece-Red, 180cm by 200cm","<p>Ultra-soft ribbed faux-fur fleece throw in a deep wine red. Measuring 180cm x 200cm, it brings cosy warmth and a plush, textured accent to any couch, bed or living space.</p>",Agri Hub SA,Bedding,bedding,TRUE,HL-THROW-FLEECE-RED,195.00,100,shopify,deny,manual,https://agrihubsa.co.za/products/throw-fleece/red.png,"Gen, Throw Fleece-Red, 180cm by 200cm"
gen-throw-fleece-white-180cm-by-200cm,"Gen, Throw Fleece-White, 180cm by 200cm","<p>Ultra-soft ribbed faux-fur fleece throw in a crisp white. Measuring 180cm x 200cm, it brings cosy warmth and a plush, textured accent to any couch, bed or living space.</p>",Agri Hub SA,Bedding,bedding,TRUE,HL-THROW-FLEECE-WHITE,195.00,100,shopify,deny,manual,https://agrihubsa.co.za/products/throw-fleece/white.png,"Gen, Throw Fleece-White, 180cm by 200cm"
geometric-throw-fleece-black-180x200,"Geometric Throw Fleece-Black, 180cm by 200cm","<p>Luxuriously soft geometric-pattern fleece throw with a plush sherpa backing. Measures 180cm by 200cm, perfect for adding warmth and texture to your bed or couch. Colour: Black.</p>",Agri Hub SA,Bedding,bedding,TRUE,GTF-BLACK-180200,265.00,25,shopify,deny,manual,https://hebbkx1anhila5yf.public.blob.vercel-storage.com/image-qteKBkVhqJriTM7rI3SRxvhUCIFzyU.png,"Geometric Throw Fleece-Black, 180cm by 200cm"
geometric-throw-fleece-charcoal-180x200,"Geometric Throw Fleece-Charcoal, 180cm by 200cm","<p>Luxuriously soft geometric-pattern fleece throw with a plush sherpa backing. Measures 180cm by 200cm, perfect for adding warmth and texture to your bed or couch. Colour: Charcoal.</p>",Agri Hub SA,Bedding,bedding,TRUE,GTF-CHARCOAL-180200,265.00,25,shopify,deny,manual,https://hebbkx1anhila5yf.public.blob.vercel-storage.com/image-EBSHGB89bOHYYNIkk9dtTlKlSVps09.png,"Geometric Throw Fleece-Charcoal, 180cm by 200cm"
geometric-throw-fleece-chocolate-180x200,"Geometric Throw Fleece-Chocolate, 180cm by 200cm","<p>Luxuriously soft geometric-pattern fleece throw with a plush sherpa backing. Measures 180cm by 200cm, perfect for adding warmth and texture to your bed or couch. Colour: Chocolate.</p>",Agri Hub SA,Bedding,bedding,TRUE,GTF-CHOCOLATE-180200,265.00,25,shopify,deny,manual,https://hebbkx1anhila5yf.public.blob.vercel-storage.com/image-apxt6at0XnRl2c7ONfFuu8JnDQ3gfE.png,"Geometric Throw Fleece-Chocolate, 180cm by 200cm"
geometric-throw-fleece-grey-180x200,"Geometric Throw Fleece-Grey, 180cm by 200cm","<p>Luxuriously soft geometric-pattern fleece throw with a plush sherpa backing. Measures 180cm by 200cm, perfect for adding warmth and texture to your bed or couch. Colour: Grey.</p>",Agri Hub SA,Bedding,bedding,TRUE,GTF-GREY-180200,265.00,25,shopify,deny,manual,https://hebbkx1anhila5yf.public.blob.vercel-storage.com/image-oogiZCe9vk3pkP48cMahpK8RBzqceB.png,"Geometric Throw Fleece-Grey, 180cm by 200cm"
geometric-throw-fleece-mustard-180x200,"Geometric Throw Fleece-Mustard, 180cm by 200cm","<p>Luxuriously soft geometric-pattern fleece throw with a plush sherpa backing. Measures 180cm by 200cm, perfect for adding warmth and texture to your bed or couch. Colour: Mustard.</p>",Agri Hub SA,Bedding,bedding,TRUE,GTF-MUSTARD-180200,265.00,25,shopify,deny,manual,https://hebbkx1anhila5yf.public.blob.vercel-storage.com/image-VLQX6C7fJc3MJBjjq0DpTiauJK1MTd.png,"Geometric Throw Fleece-Mustard, 180cm by 200cm"
geometric-throw-fleece-navy-180x200,"Geometric Throw Fleece-Navy, 180cm by 200cm","<p>Luxuriously soft geometric-pattern fleece throw with a plush sherpa backing. Measures 180cm by 200cm, perfect for adding warmth and texture to your bed or couch. Colour: Navy.</p>",Agri Hub SA,Bedding,bedding,TRUE,GTF-NAVY-180200,265.00,25,shopify,deny,manual,https://hebbkx1anhila5yf.public.blob.vercel-storage.com/image-aO7pwR1NUJsgl9OdPKErafiBmHu32F.png,"Geometric Throw Fleece-Navy, 180cm by 200cm"
geometric-throw-fleece-pink-180x200,"Geometric Throw Fleece-Pink, 180cm by 200cm","<p>Luxuriously soft geometric-pattern fleece throw with a plush sherpa backing. Measures 180cm by 200cm, perfect for adding warmth and texture to your bed or couch. Colour: Pink.</p>",Agri Hub SA,Bedding,bedding,TRUE,GTF-PINK-180200,265.00,25,shopify,deny,manual,https://hebbkx1anhila5yf.public.blob.vercel-storage.com/image-jTayZMCRN5192C5TakqfzYPAIQgKtx.png,"Geometric Throw Fleece-Pink, 180cm by 200cm"
geometric-throw-fleece-taupe-180x200,"Geometric Throw Fleece-Taupe, 180cm by 200cm","<p>Luxuriously soft geometric-pattern fleece throw with a plush sherpa backing. Measures 180cm by 200cm, perfect for adding warmth and texture to your bed or couch. Colour: Taupe.</p>",Agri Hub SA,Bedding,bedding,TRUE,GTF-TAUPE-180200,265.00,25,shopify,deny,manual,https://hebbkx1anhila5yf.public.blob.vercel-storage.com/image-iZ2v9NfhLoIgBL2YE7FSZm91E5X0qg.png,"Geometric Throw Fleece-Taupe, 180cm by 200cm"
geometric-throw-fleece-teal-180x200,"Geometric Throw Fleece-Teal, 180cm by 200cm","<p>Luxuriously soft geometric-pattern fleece throw with a plush sherpa backing. Measures 180cm by 200cm, perfect for adding warmth and texture to your bed or couch. Colour: Teal.</p>",Agri Hub SA,Bedding,bedding,TRUE,GTF-TEAL-180200,265.00,25,shopify,deny,manual,https://hebbkx1anhila5yf.public.blob.vercel-storage.com/image-Iu6J4UhHz1FjtAG7kGkz52CzpfVDvm.png,"Geometric Throw Fleece-Teal, 180cm by 200cm"
geometric-throw-fleece-white-180x200,"Geometric Throw Fleece-White, 180cm by 200cm","<p>Luxuriously soft geometric-pattern fleece throw with a plush sherpa backing. Measures 180cm by 200cm, perfect for adding warmth and texture to your bed or couch. Colour: White.</p>",Agri Hub SA,Bedding,bedding,TRUE,GTF-WHITE-180200,265.00,25,shopify,deny,manual,https://hebbkx1anhila5yf.public.blob.vercel-storage.com/image-sR0FTn6uleycW8pB457tiDEBl3aP5e.png,"Geometric Throw Fleece-White, 180cm by 200cm"
gold-chafing-dish,Gold Chafing Dish,<p>Gold Chafing Dish</p>,Agri Hub SA,Kitchenware,kitchenware,TRUE,,580.00,100,shopify,deny,manual,https://agrihubsa.co.za/products/home-living/gold-chafing-dish.jpg,Gold Chafing Dish
good-1ply-blanket-burgundy,Good Quality 1PLY Blanket-Burgundy,"<p>A good quality burgundy 1PLY plush mink blanket. Soft, warm and lightweight, perfect for year-round comfort on any bed or couch.</p>",Agri Hub SA,Bedding,bedding,TRUE,,540.00,50,shopify,deny,manual,https://tkhnvcciiwg6evoc.public.blob.vercel-storage.com/products/good-1ply-blanket-burgundy-1783772860926.jpg,Good Quality 1PLY Blanket-Burgundy
good-1ply-blanket-charcoal,Good Quality 1PLY Blanket-Charcoal,"<p>A good quality charcoal 1PLY plush mink blanket. Soft, warm and lightweight, perfect for year-round comfort on any bed or couch.</p>",Agri Hub SA,Bedding,bedding,TRUE,,540.00,50,shopify,deny,manual,https://tkhnvcciiwg6evoc.public.blob.vercel-storage.com/products/good-1ply-blanket-charcoal-1783772858948.jpg,Good Quality 1PLY Blanket-Charcoal
good-1ply-blanket-green,Good Quality 1PLY Blanket-Green,"<p>A good quality green 1PLY plush mink blanket. Soft, warm and lightweight, perfect for year-round comfort on any bed or couch.</p>",Agri Hub SA,Bedding,bedding,TRUE,,540.00,50,shopify,deny,manual,https://tkhnvcciiwg6evoc.public.blob.vercel-storage.com/products/good-1ply-blanket-green-1783772860592.jpg,Good Quality 1PLY Blanket-Green
good-1ply-blanket-mustard,Good Quality 1PLY Blanket-Mustard,"<p>A good quality mustard 1PLY plush mink blanket. Soft, warm and lightweight, perfect for year-round comfort on any bed or couch.</p>",Agri Hub SA,Bedding,bedding,TRUE,,540.00,50,shopify,deny,manual,https://tkhnvcciiwg6evoc.public.blob.vercel-storage.com/products/good-1ply-blanket-mustard-1783772859875.jpg,Good Quality 1PLY Blanket-Mustard
good-1ply-blanket-navy,Good Quality 1PLY Blanket-Navy,"<p>A good quality navy 1PLY plush mink blanket. Soft, warm and lightweight, perfect for year-round comfort on any bed or couch.</p>",Agri Hub SA,Bedding,bedding,TRUE,,540.00,50,shopify,deny,manual,https://tkhnvcciiwg6evoc.public.blob.vercel-storage.com/products/good-1ply-blanket-navy-1783772860287.jpg,Good Quality 1PLY Blanket-Navy
good-1ply-blanket-olive,Good Quality 1PLY Blanket-Olive,"<p>A good quality olive 1PLY plush mink blanket. Soft, warm and lightweight, perfect for year-round comfort on any bed or couch.</p>",Agri Hub SA,Bedding,bedding,TRUE,,540.00,50,shopify,deny,manual,https://tkhnvcciiwg6evoc.public.blob.vercel-storage.com/products/good-1ply-blanket-olive-1783772859246.jpg,Good Quality 1PLY Blanket-Olive
good-1ply-blanket-pink,Good Quality 1PLY Blanket-Pink,"<p>A good quality pink 1PLY plush mink blanket. Soft, warm and lightweight, perfect for year-round comfort on any bed or couch.</p>",Agri Hub SA,Bedding,bedding,TRUE,,540.00,50,shopify,deny,manual,https://tkhnvcciiwg6evoc.public.blob.vercel-storage.com/products/good-1ply-blanket-pink-1783772859564.jpg,Good Quality 1PLY Blanket-Pink
good-1ply-blanket-yellow,Good Quality 1PLY Blanket-Yellow,"<p>A good quality yellow 1PLY plush mink blanket. Soft, warm and lightweight, perfect for year-round comfort on any bed or couch.</p>",Agri Hub SA,Bedding,bedding,TRUE,,540.00,50,shopify,deny,manual,https://tkhnvcciiwg6evoc.public.blob.vercel-storage.com/products/good-1ply-blanket-yellow-1783772857954.jpg,Good Quality 1PLY Blanket-Yellow
home-4pcs-breadbin-canister-set-cream-chrome,Home 4pcs BreadBin and Canister Set - Cream with Chrome,"<p>Classic 4-piece home kitchen storage set featuring an oval bread bin plus tea, coffee and sugar canisters with loop lids. Cream finish with chrome accents and embossed labelling.</p>",Agri Hub SA,Kitchenware,kitchenware,TRUE,HL-HBBCS-CREAM,430.00,25,shopify,deny,manual,https://hebbkx1anhila5yf.public.blob.vercel-storage.com/image-n3cZD72Yxwsihz110vmiGpyQ4OwQNa.png,Home 4pcs BreadBin and Canister Set - Cream with Chrome
home-4pcs-breadbin-canister-set-black-chrome,Home 4pcs BreadBin and Canister Set - Gloss Black with Chrome,"<p>Classic 4-piece home kitchen storage set featuring an oval bread bin plus tea, coffee and sugar canisters with loop lids. Gloss black finish with chrome accents and embossed labelling.</p>",Agri Hub SA,Kitchenware,kitchenware,TRUE,HL-HBBCS-BLACK,430.00,25,shopify,deny,manual,https://hebbkx1anhila5yf.public.blob.vercel-storage.com/image-nYVi7cqmiCkGTq4utXzMet2A3lePzK.png,Home 4pcs BreadBin and Canister Set - Gloss Black with Chrome
home-4pcs-breadbin-canister-set-grey-chrome,Home 4pcs BreadBin and Canister Set - Narrow Grey with Chrome,"<p>Classic 4-piece home kitchen storage set featuring a narrow-profile oval bread bin plus tea, coffee and sugar canisters with loop lids. Dark grey finish with chrome accents and embossed labelling.</p>",Agri Hub SA,Kitchenware,kitchenware,TRUE,HL-HBBCS-GREY,430.00,25,shopify,deny,manual,https://hebbkx1anhila5yf.public.blob.vercel-storage.com/image-S4wS1gSK2OaUCa02I5tuVo6fgdGQKa.png,Home 4pcs BreadBin and Canister Set - Narrow Grey with Chrome
home-4pcs-breadbin-canister-set-red-chrome,Home 4pcs BreadBin and Canister Set - Red with Chrome,"<p>Classic 4-piece home kitchen storage set featuring an oval bread bin plus tea, coffee and sugar canisters with loop lids. Red finish with chrome accents and embossed labelling.</p>",Agri Hub SA,Kitchenware,kitchenware,TRUE,HL-HBBCS-RED,430.00,25,shopify,deny,manual,https://hebbkx1anhila5yf.public.blob.vercel-storage.com/image-Gy5eHgTB2BpDHfLKfTM3Jrp2JOYz4g.png,Home 4pcs BreadBin and Canister Set - Red with Chrome
home-4pcs-breadbin-canister-set-white-chrome,Home 4pcs BreadBin and Canister Set - White with Chrome,"<p>Classic 4-piece home kitchen storage set featuring an oval bread bin plus tea, coffee and sugar canisters with loop lids. White finish with chrome accents and embossed labelling.</p>",Agri Hub SA,Kitchenware,kitchenware,TRUE,HL-HBBCS-WHITE,430.00,25,shopify,deny,manual,https://hebbkx1anhila5yf.public.blob.vercel-storage.com/image-n3cZD72Yxwsihz110vmiGpyQ4OwQNa.png,Home 4pcs BreadBin and Canister Set - White with Chrome
home-dolphin-9pcs-premium-stainless-steel-cookware-set,Home Dolphin 9pcs Premium Stainless Steel Cookware Set,"<p>Dolphin Home 9-piece premium stainless steel cookware set. Includes polished stainless steel pots with matching domed lids and serving utensils - durable, easy to clean and suitable for all hob types. Cooking elevated for the modern kitchen.</p>",Agri Hub SA,Kitchenware,kitchenware,TRUE,HL-DOLPHIN-9PCS,890.00,25,shopify,deny,manual,https://hebbkx1anhila5yf.public.blob.vercel-storage.com/Dolphin%20Pots-uRH2C79ygjvJsWXmhvcZODk65RC75Z.jpg,Home Dolphin 9pcs Premium Stainless Steel Cookware Set
large-bowl,Large Bowl,"<p>Elegant white ceramic large bowl with ribbed fluted design. Perfect for serving salads, mixing ingredients, or as a decorative piece. Smooth glossy interior with textured exterior.</p>",Agri Hub SA,Kitchenware,kitchenware,TRUE,,130.00,40,shopify,deny,manual,https://agrihubsa.co.za/products/home-living/large-bowl.jpg,Large Bowl
luna-marble-10-pcs-premium-cookware-set-black,Luna Marble 10-pcs Premium Cookware set-Black,"<p>Luna Marble 10-piece premium cookware set in a sleek black speckled marble finish. Includes pots, a saucepan and frying pans with tempered glass lids, stay-cool wood-look handles and a durable non-stick marble coating.</p>",Agri Hub SA,Kitchenware,kitchenware,TRUE,LUNA-10PC-BLACK,1699.00,10,shopify,deny,manual,https://hebbkx1anhila5yf.public.blob.vercel-storage.com/image-k2Jlnbq3CwRqWNqW7yP5qXuZ4G4OJY.png,Luna Marble 10-pcs Premium Cookware set-Black
luna-marble-10-pcs-premium-cookware-set-charcoal,Luna Marble 10-pcs Premium Cookware set-Charcoal,"<p>Luna Marble 10-piece premium cookware set in a deep charcoal speckled marble finish. Includes pots, a saucepan and frying pans with tempered glass lids, stay-cool wood-look handles and a durable non-stick marble coating.</p>",Agri Hub SA,Kitchenware,kitchenware,TRUE,LUNA-10PC-CHARCOAL,1699.00,10,shopify,deny,manual,https://hebbkx1anhila5yf.public.blob.vercel-storage.com/image-bC8H21Dp4yBB0it2jXIa7mq94YOQR9.png,Luna Marble 10-pcs Premium Cookware set-Charcoal
luna-marble-10-pcs-premium-cookware-set-grey,Luna Marble 10-pcs Premium Cookware set-Grey,"<p>Luna Marble 10-piece premium cookware set in an elegant light grey speckled marble finish. Includes pots, a saucepan and frying pans with tempered glass lids, stay-cool wood-look handles and a durable non-stick marble coating.</p>",Agri Hub SA,Kitchenware,kitchenware,TRUE,LUNA-10PC-GREY,1699.00,10,shopify,deny,manual,https://hebbkx1anhila5yf.public.blob.vercel-storage.com/image-IcJq2z43tumOBQXO8Jc8k7lsRlFfJF.png,Luna Marble 10-pcs Premium Cookware set-Grey
modern-3pcs-food-warmer,Modern 3pcs Food Warmer,<p>Elegant gold/amber colored 3-piece food warmer set with decorative glass pattern. Perfect for keeping food warm at dinner parties and special occasions.</p>,Agri Hub SA,Kitchenware,kitchenware,TRUE,HL-MWARM-001,595.00,100,shopify,deny,manual,https://agrihubsa.co.za/products/home-living/modern-3pcs-food-warmer.jpg,Modern 3pcs Food Warmer
modern-knife-set-with-stand,Modern Knife Set with Stand,<p>Modern knife set with wooden handles on rotating stand. Includes various knives for all kitchen tasks. Elegant design and sharp blades.</p>,Agri Hub SA,Kitchenware,kitchenware,TRUE,HL-MKNIFE-001,260.00,100,shopify,deny,manual,https://agrihubsa.co.za/products/home-living/knife-set-stand.jpg,Modern Knife Set with Stand
moffy-001,"Moffy 001, 7pcs, Super King Size","<p>Moffy 7-piece super king size comforter set in light grey, featuring an elegant textured botanical leaf design. Includes 1 comforter (230x250cm), 2 pillowshams (48x68+4cm), 2 digital print pillowcases (48x68cm) and 2 cushions (45x45cm). 100% polyester fabric and filling.</p>",Agri Hub SA,Bedding,bedding,TRUE,HL-MOFFY-001,545.00,100,shopify,deny,manual,https://agrihubsa.co.za/products/home-living/moffy-001.jpg,"Moffy 001, 7pcs, Super King Size"
moffy-002,"Moffy 002, 7pcs, Super King Size","<p>Moffy 7-piece super king size comforter set in light blue, featuring an elegant textured botanical leaf design. Includes 1 comforter (230x250cm), 2 pillowshams (48x68+4cm), 2 digital print pillowcases (48x68cm) and 2 cushions (45x45cm). 100% polyester fabric and filling.</p>",Agri Hub SA,Bedding,bedding,TRUE,HL-MOFFY-002,545.00,100,shopify,deny,manual,https://agrihubsa.co.za/products/home-living/moffy-002.jpg,"Moffy 002, 7pcs, Super King Size"
moffy-003,"Moffy 003, 7pcs, Super King Size","<p>Moffy 7-piece super king size comforter set in beige, featuring an elegant textured botanical leaf design. Includes 1 comforter (230x250cm), 2 pillowshams (48x68+4cm), 2 digital print pillowcases (48x68cm) and 2 cushions (45x45cm). 100% polyester fabric and filling.</p>",Agri Hub SA,Bedding,bedding,TRUE,HL-MOFFY-003,545.00,100,shopify,deny,manual,https://agrihubsa.co.za/products/home-living/moffy-003.jpg,"Moffy 003, 7pcs, Super King Size"
moffy-004,"Moffy 004, 7pcs, Super King Size","<p>Moffy 7-piece super king size comforter set in pink, featuring an elegant textured botanical leaf design. Includes 1 comforter (230x250cm), 2 pillowshams (48x68+4cm), 2 digital print pillowcases (48x68cm) and 2 cushions (45x45cm). 100% polyester fabric and filling.</p>",Agri Hub SA,Bedding,bedding,TRUE,HL-MOFFY-004,545.00,100,shopify,deny,manual,https://agrihubsa.co.za/products/home-living/moffy-004.jpg,"Moffy 004, 7pcs, Super King Size"
moffy-005,"Moffy 005, 7pcs, Super King Size","<p>Moffy 7-piece super king size comforter set in white, featuring an elegant textured botanical leaf design. Includes 1 comforter (230x250cm), 2 pillowshams (48x68+4cm), 2 digital print pillowcases (48x68cm) and 2 cushions (45x45cm). 100% polyester fabric and filling.</p>",Agri Hub SA,Bedding,bedding,TRUE,HL-MOFFY-005,545.00,100,shopify,deny,manual,https://agrihubsa.co.za/products/home-living/moffy-005.jpg,"Moffy 005, 7pcs, Super King Size"
momo-001-super-king-quilt-set,MOMO-001 Super King Quilt Set,"<p>The MOMO-001 is a beautiful Super King size 4-piece reversible quilt set featuring an elegant pink and white botanical floral design with a soft cotton touch. The set includes 1 bedspread (250 x 230cm), 2 digital print pillowcases (45 x 70cm), and 1 matching cushion (50 x 50cm). Made from 100% polyester fabric with 100% polyester filling for lasting comfort and easy care. Reversible use lets you refresh your bedroom style effortlessly.</p>",Agri Hub SA,Bedding,bedding,TRUE,,550.00,50,shopify,deny,manual,https://tkhnvcciiwg6evoc.public.blob.vercel-storage.com/optimized/1783318761625-knstng.webp,MOMO-001 Super King Quilt Set
momo-002-super-king-quilt-set,MOMO-002 Super King Quilt Set,"<p>The MOMO-002 is a luxurious Super King size 4-piece reversible quilt set featuring an elegant light blue botanical floral design with a soft cotton touch. The set includes 1 bedspread (250 x 230cm), 2 digital print pillowcases (45 x 70cm), and 1 matching cushion (50 x 50cm). Made from 100% polyester fabric with 100% polyester filling for lasting comfort and easy care. Reversible use lets you switch up your bedroom style effortlessly.</p>",Cotton Touch,Bedding,bedding,TRUE,,550.00,50,shopify,deny,manual,https://tkhnvcciiwg6evoc.public.blob.vercel-storage.com/optimized/1783318759509-j8olej.webp,MOMO-002 Super King Quilt Set
momo-003-super-king-quilt-set,MOMO-003 Super King Quilt Set,"<p>The MOMO-003 is an elegant Super King size 4-piece quilt set featuring a timeless cream and ivory floral design with a soft cotton touch. The set includes 1 bedspread (250 x 230cm), 2 digital print pillowcases (45 x 70cm), and 1 matching cushion (50 x 50cm). Made from 100% polyester fabric with 100% polyester filling for lasting comfort and easy care. A versatile neutral set that complements any bedroom decor.</p>",Cotton Touch,Bedding,bedding,TRUE,,550.00,50,shopify,deny,manual,https://tkhnvcciiwg6evoc.public.blob.vercel-storage.com/optimized/1783318761436-pxvcyp.webp,MOMO-003 Super King Quilt Set
momo-004-super-king-quilt-set,MOMO-004 Super King Quilt Set,"<p>The MOMO-004 is a beautiful Super King size 4-piece reversible quilt set featuring an elegant sage green and white botanical floral design with a soft cotton touch. The set includes 1 bedspread (250 x 230cm), 2 digital print pillowcases (45 x 70cm), and 1 matching cushion (50 x 50cm). Made from 100% polyester fabric with 100% polyester filling for lasting comfort and easy care. Reversible use lets you refresh your bedroom style effortlessly.</p>",Agri Hub SA,Bedding,bedding,TRUE,,550.00,50,shopify,deny,manual,https://tkhnvcciiwg6evoc.public.blob.vercel-storage.com/optimized/1783318761576-8ytdm7.webp,MOMO-004 Super King Quilt Set
momo-005-super-king-quilt-set,MOMO-005 Super King Quilt Set,"<p>The MOMO-005 is a beautiful Super King size 4-piece reversible quilt set featuring an elegant grey and white botanical floral design with a soft cotton touch. The set includes 1 bedspread (250 x 230cm), 2 digital print pillowcases (45 x 70cm), and 1 matching cushion (50 x 50cm). Made from 100% polyester fabric with 100% polyester filling for lasting comfort and easy care. Reversible use lets you refresh your bedroom style effortlessly.</p>",Agri Hub SA,Bedding,bedding,TRUE,,550.00,50,shopify,deny,manual,https://tkhnvcciiwg6evoc.public.blob.vercel-storage.com/optimized/1783318761814-c68ih2.webp,MOMO-005 Super King Quilt Set
momo-006-super-king-quilt-set,MOMO-006 Super King Quilt Set,"<p>The MOMO-006 is a beautiful Super King size 4-piece reversible quilt set featuring an elegant beige and cream floral design with a soft cotton touch. The set includes 1 bedspread (250 x 230cm), 2 digital print pillowcases (45 x 70cm), and 1 ultra soft cushion (50 x 50cm). Made from 100% polyester fabric with 100% polyester filling for lasting comfort and easy care. Reversible use lets you refresh your bedroom style effortlessly.</p>",Cotton Touch,Bedding,bedding,TRUE,,550.00,50,shopify,deny,manual,https://tkhnvcciiwg6evoc.public.blob.vercel-storage.com/optimized/1783318761316-ulpu9e.webp,MOMO-006 Super King Quilt Set
momo-008-super-king-quilt-set,MOMO-008 Super King Quilt Set,"<p>The MOMO-008 is a beautiful Super King size 4-piece reversible quilt set featuring an elegant lavender and white floral design with a soft cotton touch. The set includes 1 bedspread (250 x 230cm), 2 digital print pillowcases (45 x 70cm), and 1 ultra soft cushion (50 x 50cm). Made from 100% polyester fabric with 100% polyester filling for lasting comfort and easy care. Reversible use lets you refresh your bedroom style effortlessly.</p>",Cotton Touch,Bedding,bedding,TRUE,,550.00,50,shopify,deny,manual,https://tkhnvcciiwg6evoc.public.blob.vercel-storage.com/optimized/1783318761949-6wg8uh.webp,MOMO-008 Super King Quilt Set
pastor-bowl-diff-colours,Pastor Bowl - Diff Colours,"<p>Modern shallow pasta/serving bowls available in multiple colours including black, grey, sage green, coral/peach, navy blue, and white. Perfect for pasta, salads, or everyday dining. Stackable design for easy storage.</p>",Agri Hub SA,Kitchenware,kitchenware,TRUE,,32.00,100,shopify,deny,manual,https://agrihubsa.co.za/products/home-living/pastor-bowl-diff-colours.jpg,Pastor Bowl - Diff Colours
portable-20l-rice-container,Portable 20L Rice Container,<p>Beige/cream portable 20L rice storage container with secure lid. Keeps rice fresh and protected from pests. Easy-pour spout for convenience.</p>,Agri Hub SA,Kitchenware,kitchenware,TRUE,HL-RICE-001,240.00,100,shopify,deny,manual,https://agrihubsa.co.za/products/home-living/portable-20l-rice-container.jpg,Portable 20L Rice Container
premium-3d-carpet-150x200-v1-teal-grey-swirl,"Premium 3D Carperts, 150cm by 200 cm - V1_Teal Grey Swirl","<p>Premium 3D carpet measuring 150cm by 200cm. Features a flowing teal, grey, navy and white 3D swirl design. Soft, durable and perfect for adding a modern centrepiece to any living space.</p>",Homeline,Bedding,bedding,TRUE,HL-3DCARPET-V1,240.00,100,shopify,deny,manual,https://tkhnvcciiwg6evoc.public.blob.vercel-storage.com/products/carpets/premium-3d-carpet-v1-teal-grey-swirl.jpg,"Premium 3D Carperts, 150cm by 200 cm - V1_Teal Grey Swirl"
premium-3d-carpet-150x200-v42-black-gold-butterfly,"Premium 3D Carperts, 150cm by 200 cm - V42_Black Gold Butterfly","<p>Premium 3D carpet measuring 150cm by 200cm. Features a striking black ground with gold and white 3D butterflies framed by a classic Greek-key border. Soft, durable and a bold centrepiece for any living space.</p>",Homeline,Bedding,bedding,TRUE,HL-3DCARPET-V42,240.00,100,shopify,deny,manual,https://tkhnvcciiwg6evoc.public.blob.vercel-storage.com/products/carpets/premium-3d-carpet-v42-black-gold-butterfly.jpg,"Premium 3D Carperts, 150cm by 200 cm - V42_Black Gold Butterfly"
premium-3d-carpet-150x200-v60-charcoal-swirl,"Premium 3D Carperts, 150cm by 200 cm - V60_Charcoal Swirl","<p>Premium 3D carpet measuring 150cm by 200cm. Features a bold charcoal and navy ground with grey-and-white 3D swirl design. Soft, durable and a stylish centrepiece for any living space.</p>",Homeline,Bedding,bedding,TRUE,HL-3DCARPET-V60,240.00,100,shopify,deny,manual,https://tkhnvcciiwg6evoc.public.blob.vercel-storage.com/products/carpets/premium-3d-carpet-v60-charcoal-swirl.jpg,"Premium 3D Carperts, 150cm by 200 cm - V60_Charcoal Swirl"
premium-3d-carpet-150x200-v61-blue-maroon,"Premium 3D Carperts, 150cm by 200 cm - V61_Blue Maroon","<p>Premium 3D carpet measuring 150cm by 200cm. Features a bold 3D swirl design in deep blue and maroon with grey and white accents. Soft, durable and perfect for adding a striking centrepiece to any living space.</p>",Homeline,Bedding,bedding,TRUE,HL-3DCARPET-V61,240.00,100,shopify,deny,manual,https://tkhnvcciiwg6evoc.public.blob.vercel-storage.com/products/carpets/premium-3d-carpet-v61-blue-maroon.jpg,"Premium 3D Carperts, 150cm by 200 cm - V61_Blue Maroon"
premium-3d-carpet-150x200-v66-black-grey-block,"Premium 3D Carperts, 150cm by 200 cm - V66_Black Grey Block","<p>Premium 3D carpet measuring 150cm by 200cm. Features a modern black, grey and white geometric block design with a gradient shimmer effect. Soft, durable and a stylish centrepiece for any living space.</p>",Homeline,Bedding,bedding,TRUE,HL-3DCARPET-V66,240.00,100,shopify,deny,manual,https://tkhnvcciiwg6evoc.public.blob.vercel-storage.com/products/carpets/premium-3d-carpet-v66-black-grey-block.jpg,"Premium 3D Carperts, 150cm by 200 cm - V66_Black Grey Block"
premium-3d-carpet-150x200-v68-turquoise-block,"Premium 3D Carperts, 150cm by 200 cm - V68_Turquoise Block","<p>Premium 3D carpet measuring 150cm by 200cm. Features a bold turquoise, grey, black and white geometric block design. Soft, durable and perfect for adding a vibrant centrepiece to any living space.</p>",Homeline,Bedding,bedding,TRUE,HL-3DCARPET-V68,240.00,100,shopify,deny,manual,https://tkhnvcciiwg6evoc.public.blob.vercel-storage.com/products/carpets/premium-3d-carpet-v68-turquoise-block.jpg,"Premium 3D Carperts, 150cm by 200 cm - V68_Turquoise Block"
premium-3d-carpet-150x200-v70-grey-block,"Premium 3D Carperts, 150cm by 200 cm - V70_Grey Block","<p>Premium 3D carpet measuring 150cm by 200cm. Features a modern black, grey and white geometric block design. Soft, durable and a stylish centrepiece for any living space.</p>",Homeline,Bedding,bedding,TRUE,HL-3DCARPET-V70,240.00,100,shopify,deny,manual,https://tkhnvcciiwg6evoc.public.blob.vercel-storage.com/products/carpets/premium-3d-carpet-v70-grey-block.jpg,"Premium 3D Carperts, 150cm by 200 cm - V70_Grey Block"
premium-3d-carpet-150x200-v73-red-cream-circles,"Premium 3D Carperts, 150cm by 200 cm - V73_Red Cream Circles","<p>Premium 3D carpet measuring 150cm by 200cm. Features a bold red, cream, black and gold design with 3D concentric-circle and block patterns. Soft, durable and a striking centrepiece for any living space.</p>",Homeline,Bedding,bedding,TRUE,HL-3DCARPET-V73,240.00,100,shopify,deny,manual,https://tkhnvcciiwg6evoc.public.blob.vercel-storage.com/products/carpets/premium-3d-carpet-v73-red-cream-circles.jpg,"Premium 3D Carperts, 150cm by 200 cm - V73_Red Cream Circles"
premium-disine-regina-12-piece-die-cast-granite-cookware-set-black,Premium Disine Regina 12-piece Die Cast Granite Cookware Set-Black,"<p>Premium Disine Regina 12-piece die cast granite cookware set in a sleek black speckled finish. Includes assorted pots with tempered glass lids, stay-cool handles and a durable non-stick granite coating - ideal for everyday cooking.</p>",Agri Hub SA,Kitchenware,kitchenware,TRUE,DR-12PC-BLACK,1350.00,10,shopify,deny,manual,https://hebbkx1anhila5yf.public.blob.vercel-storage.com/image-NhgD3p9Q2nQvQvOKBOqpTOIBUBUt2s.png,Premium Disine Regina 12-piece Die Cast Granite Cookware Set-Black
premium-disine-regina-12-piece-die-cast-granite-cookware-set-cream,Premium Disine Regina 12-piece Die Cast Granite Cookware Set-Cream,"<p>Premium Disine Regina 12-piece die cast granite cookware set in an elegant cream speckled finish. Includes assorted pots with tempered glass lids, stay-cool handles and a durable non-stick granite coating - ideal for everyday cooking.</p>",Agri Hub SA,Kitchenware,kitchenware,TRUE,DR-12PC-CREAM,1350.00,10,shopify,deny,manual,https://hebbkx1anhila5yf.public.blob.vercel-storage.com/image-dvkyXn6gbLtwLe6XMij8WVFfnJXo6g.png,Premium Disine Regina 12-piece Die Cast Granite Cookware Set-Cream
premium-disine-regina-12-piece-die-cast-granite-cookware-set-grey,Premium Disine Regina 12-piece Die Cast Granite Cookware Set-Grey,"<p>Premium Disine Regina 12-piece die cast granite cookware set in a modern dark grey speckled finish. Includes assorted pots with tempered glass lids, stay-cool handles and a durable non-stick granite coating - ideal for everyday cooking.</p>",Agri Hub SA,Kitchenware,kitchenware,TRUE,DR-12PC-GREY,1350.00,10,shopify,deny,manual,https://hebbkx1anhila5yf.public.blob.vercel-storage.com/image-P3BJSs9Ictl6Zq5Q8E65RU55Lnw1Cl.png,Premium Disine Regina 12-piece Die Cast Granite Cookware Set-Grey
premium-disine-regina-12-piece-die-cast-granite-cookware-set-red,Premium Disine Regina 12-piece Die Cast Granite Cookware Set-Red,"<p>Premium Disine Regina 12-piece die cast granite cookware set in a rich red maroon speckled finish. Includes assorted pots with tempered glass lids, stay-cool handles and a durable non-stick granite coating - ideal for everyday cooking.</p>",Agri Hub SA,Kitchenware,kitchenware,TRUE,DR-12PC-RED,1350.00,10,shopify,deny,manual,https://hebbkx1anhila5yf.public.blob.vercel-storage.com/image-Wmf25bKW9exLLhAGzbM5TFlu8FnrwF.png,Premium Disine Regina 12-piece Die Cast Granite Cookware Set-Red
premium-fluffy-carpet-150cm-by-200cm-brown,Premium Fluffy Carpet 150cm by 200cm-Brown,"<p>Ultra-soft plush shag carpet measuring 150cm by 200cm in warm brown. Deep, cosy pile that feels wonderful underfoot - perfect for lounges, bedrooms and living spaces.</p>",Agri Hub SA,Bedding,bedding,TRUE,FC-150200-BROWN,195.00,20,shopify,deny,manual,https://hebbkx1anhila5yf.public.blob.vercel-storage.com/image-noMcRKnnRaG39ywmyzTryTFK1cpjzv.png,Premium Fluffy Carpet 150cm by 200cm-Brown
premium-fluffy-carpet-150cm-by-200cm-burgundy,Premium Fluffy Carpet 150cm by 200cm-Burgundy,"<p>Ultra-soft plush shag carpet measuring 150cm by 200cm in rich burgundy. Deep, cosy pile that feels wonderful underfoot - perfect for lounges, bedrooms and living spaces.</p>",Agri Hub SA,Bedding,bedding,TRUE,FC-150200-BURGUNDY,195.00,20,shopify,deny,manual,https://hebbkx1anhila5yf.public.blob.vercel-storage.com/image-EL06sjQUn4yCU4RfUV5KQvIOCFwUoV.png,Premium Fluffy Carpet 150cm by 200cm-Burgundy
premium-fluffy-carpet-150cm-by-200cm-camel-tie-dye,Premium Fluffy Carpet 150cm by 200cm-Camel Tie-Dye,"<p>Ultra-soft plush shag carpet measuring 150cm by 200cm in a camel tie-dye finish. Deep, cosy pile that feels wonderful underfoot - perfect for lounges, bedrooms and living spaces.</p>",Agri Hub SA,Bedding,bedding,TRUE,FC-150200-CAMELTD,195.00,20,shopify,deny,manual,https://hebbkx1anhila5yf.public.blob.vercel-storage.com/IMG-20260729-WA0104-M6T8vUb2dsEU0K9iHWxdBAuaEJaKia.jpg,Premium Fluffy Carpet 150cm by 200cm-Camel Tie-Dye
premium-fluffy-carpet-150cm-by-200cm-charcoal,Premium Fluffy Carpet 150cm by 200cm-Charcoal,"<p>Ultra-soft plush shag carpet measuring 150cm by 200cm in deep charcoal. Deep, cosy pile that feels wonderful underfoot - perfect for lounges, bedrooms and living spaces.</p>",Agri Hub SA,Bedding,bedding,TRUE,FC-150200-CHARCOAL,195.00,20,shopify,deny,manual,https://hebbkx1anhila5yf.public.blob.vercel-storage.com/image-4HLlWIpCv8EETtT9JrymbJv1bIQXPg.png,Premium Fluffy Carpet 150cm by 200cm-Charcoal
premium-fluffy-carpet-150cm-by-200cm-charcoal-tie-dye,Premium Fluffy Carpet 150cm by 200cm-Charcoal Tie-Dye,"<p>Ultra-soft plush shag carpet measuring 150cm by 200cm in a charcoal tie-dye finish. Deep, cosy pile that feels wonderful underfoot - perfect for lounges, bedrooms and living spaces.</p>",Agri Hub SA,Bedding,bedding,TRUE,FC-150200-CHARCOALTD,195.00,20,shopify,deny,manual,https://hebbkx1anhila5yf.public.blob.vercel-storage.com/IMG-20260729-WA0093-d1z1J6k8ipxsR7RGg6hLfc4rZdykK3.jpg,Premium Fluffy Carpet 150cm by 200cm-Charcoal Tie-Dye
premium-fluffy-carpet-150cm-by-200cm-coffee-tie-dye,Premium Fluffy Carpet 150cm by 200cm-Coffee Tie-Dye,"<p>Ultra-soft plush shag carpet measuring 150cm by 200cm in a coffee tie-dye finish. Deep, cosy pile that feels wonderful underfoot - perfect for lounges, bedrooms and living spaces.</p>",Agri Hub SA,Bedding,bedding,TRUE,FC-150200-COFFEETD,195.00,20,shopify,deny,manual,https://hebbkx1anhila5yf.public.blob.vercel-storage.com/image-dbPk29bt8PFcy6FstSzwQDxz0RjMAP.png,Premium Fluffy Carpet 150cm by 200cm-Coffee Tie-Dye
premium-fluffy-carpet-150cm-by-200cm-grey,Premium Fluffy Carpet 150cm by 200cm-Grey,"<p>Ultra-soft plush shag carpet measuring 150cm by 200cm in light grey. Deep, cosy pile that feels wonderful underfoot - perfect for lounges, bedrooms and living spaces.</p>",Agri Hub SA,Bedding,bedding,TRUE,FC-150200-GREY,195.00,20,shopify,deny,manual,https://hebbkx1anhila5yf.public.blob.vercel-storage.com/image-SEwGNxGgLfR0Mzuko2KFJF8Vvb1OOZ.png,Premium Fluffy Carpet 150cm by 200cm-Grey
premium-fluffy-carpet-150cm-by-200cm-khaki-tie-dye,Premium Fluffy Carpet 150cm by 200cm-Khaki Tie-Dye,"<p>Ultra-soft plush shag carpet measuring 150cm by 200cm in a khaki tie-dye finish. Deep, cosy pile that feels wonderful underfoot - perfect for lounges, bedrooms and living spaces.</p>",Agri Hub SA,Bedding,bedding,TRUE,FC-150200-KHAKITD,195.00,20,shopify,deny,manual,https://hebbkx1anhila5yf.public.blob.vercel-storage.com/image-ZHBUlKug3alw9a5HqsXw6bLZ9jIK2X.png,Premium Fluffy Carpet 150cm by 200cm-Khaki Tie-Dye
premium-fluffy-carpet-150cm-by-200cm-pink,Premium Fluffy Carpet 150cm by 200cm-Pink,"<p>Ultra-soft plush shag carpet measuring 150cm by 200cm in vibrant pink. Deep, cosy pile that feels wonderful underfoot - perfect for lounges, bedrooms and living spaces.</p>",Agri Hub SA,Bedding,bedding,TRUE,FC-150200-PINK,195.00,20,shopify,deny,manual,https://hebbkx1anhila5yf.public.blob.vercel-storage.com/IMG-20260729-WA0092-HkXh3d3UhH5oDSZ8G6irnsZeNs4sYg.jpg,Premium Fluffy Carpet 150cm by 200cm-Pink
premium-fluffy-carpet-150cm-by-200cm-rainbow,Premium Fluffy Carpet 150cm by 200cm-Rainbow,"<p>Ultra-soft plush shag carpet measuring 150cm by 200cm in a pastel rainbow finish. Deep, cosy pile that feels wonderful underfoot - perfect for kids rooms, lounges and bedrooms.</p>",Agri Hub SA,Bedding,bedding,TRUE,FC-150200-RAINBOW,195.00,20,shopify,deny,manual,https://hebbkx1anhila5yf.public.blob.vercel-storage.com/image-lfkFK9htspCkeSIQTckNHhE6w6E3i7.png,Premium Fluffy Carpet 150cm by 200cm-Rainbow
premium-fluffy-carpet-150cm-by-200cm-red,Premium Fluffy Carpet 150cm by 200cm-Red,"<p>Ultra-soft plush shag carpet measuring 150cm by 200cm in bright red. Deep, cosy pile that feels wonderful underfoot - perfect for lounges, bedrooms and living spaces.</p>",Agri Hub SA,Bedding,bedding,TRUE,FC-150200-RED,195.00,20,shopify,deny,manual,https://hebbkx1anhila5yf.public.blob.vercel-storage.com/image-sZvjA7I5JuGa8CeSCXoE4eFzYRE6Xb.png,Premium Fluffy Carpet 150cm by 200cm-Red
premium-fluffy-carpet-150cm-by-200cm-royal-blue,Premium Fluffy Carpet 150cm by 200cm-Royal Blue,"<p>Ultra-soft plush shag carpet measuring 150cm by 200cm in royal blue. Deep, cosy pile that feels wonderful underfoot - perfect for lounges, bedrooms and living spaces.</p>",Agri Hub SA,Bedding,bedding,TRUE,FC-150200-ROYALBLUE,195.00,20,shopify,deny,manual,https://hebbkx1anhila5yf.public.blob.vercel-storage.com/image-hPv4LKuDVM7Xe11xRyZimZYK5d6p0W.png,Premium Fluffy Carpet 150cm by 200cm-Royal Blue
premium-fluffy-carpet-150cm-by-200cm-teal,Premium Fluffy Carpet 150cm by 200cm-Teal,"<p>Ultra-soft plush shag carpet measuring 150cm by 200cm in bright teal. Deep, cosy pile that feels wonderful underfoot - perfect for lounges, bedrooms and living spaces.</p>",Agri Hub SA,Bedding,bedding,TRUE,FC-150200-TEAL,195.00,20,shopify,deny,manual,https://hebbkx1anhila5yf.public.blob.vercel-storage.com/image-XWzdlC2Sq6eySRrz6ixdWiuHGI8KFx.png,Premium Fluffy Carpet 150cm by 200cm-Teal
premium-fluffy-carpet-150cm-by-200cm-white,Premium Fluffy Carpet 150cm by 200cm-White,"<p>Ultra-soft plush shag carpet measuring 150cm by 200cm in clean white. Deep, cosy pile that feels wonderful underfoot - perfect for lounges, bedrooms and living spaces.</p>",Agri Hub SA,Bedding,bedding,TRUE,FC-150200-WHITE,195.00,20,shopify,deny,manual,https://hebbkx1anhila5yf.public.blob.vercel-storage.com/image-vDofv2djSdHYgtKFb22IQJDFHftrZl.png,Premium Fluffy Carpet 150cm by 200cm-White
queen-size-blankets-2ply-winter-special,Queen Size Blankets 2Ply - Winter Special,"<p>Premium quality 2-ply blanket, thick and warm. Perfect for cold winter nights. Soft fleece material that provides excellent warmth and comfort.</p>",Agri Hub SA,Bedding,bedding,TRUE,,290.00,100,shopify,deny,manual,https://agrihubsa.co.za/products/home-living/quality-blankets-2ply.jpg,Queen Size Blankets 2Ply - Winter Special
rara-super-king-quilt-set-grey,RARA Super King Quilt Set - Grey,"<p>The RARA is an elegant 6-piece Super King size quilt set in a sophisticated grey, featuring a beautifully quilted pebble texture for a plush, premium finish. The set includes 1 bedspread (250 x 230cm), 2 digital print pillowcases (45 x 70cm), 2 euroshams (65 x 65cm), and 1 matching cushion (45 x 45cm). Made from 100% polyester fabric with 100% polyester filling. Proudly made in South Africa for lasting quality and comfort.</p>",Agri Hub SA,Bedding,bedding,TRUE,,495.00,50,shopify,deny,manual,https://tkhnvcciiwg6evoc.public.blob.vercel-storage.com/optimized/1783318765486-uxlowh.webp,RARA Super King Quilt Set - Grey
rara-002-super-king-quilt-set,RARA-002 Super King Quilt Set,"<p>The RARA-002 is an elegant 6-piece Super King size quilt set in a soft duck-egg blue, featuring a beautifully quilted pebble texture for a plush, premium finish. The set includes 1 bedspread (250 x 230cm), 2 digital print pillowcases (45 x 70cm), 2 euroshams (65 x 65cm), and 1 matching cushion (45 x 45cm). Made from 100% polyester fabric with 100% polyester filling. Proudly made in South Africa for lasting quality and comfort.</p>",Agri Hub SA,Bedding,bedding,TRUE,,495.00,50,shopify,deny,manual,https://tkhnvcciiwg6evoc.public.blob.vercel-storage.com/optimized/1783318761884-fiu6bj.webp,RARA-002 Super King Quilt Set
rara-006-super-king-quilt-set,RARA-006 Super King Quilt Set,"<p>The RARA-006 is an elegant 6-piece Super King size quilt set in a soft pink, featuring a beautifully quilted pebble texture for a plush, premium finish. The set includes 1 bedspread (250 x 230cm), 2 digital print pillowcases (45 x 70cm), 2 euroshams (65 x 65cm), and 1 matching cushion (45 x 45cm). Made from 100% polyester fabric with 100% polyester filling. Proudly made in South Africa for lasting quality and comfort.</p>",Agri Hub SA,Bedding,bedding,TRUE,,495.00,50,shopify,deny,manual,https://tkhnvcciiwg6evoc.public.blob.vercel-storage.com/optimized/1783318765824-jgoz7i.webp,RARA-006 Super King Quilt Set
rara-007-super-king-quilt-set,RARA-007 Super King Quilt Set,"<p>The RARA-007 is an elegant 6-piece Super King size quilt set in a warm beige, featuring a beautifully quilted pebble texture for a plush, premium finish. The set includes 1 bedspread (250 x 230cm), 2 digital print pillowcases (45 x 70cm), 2 euroshams (65 x 65cm), and 1 matching cushion (45 x 45cm). Made from 100% polyester fabric with 100% polyester filling. Proudly made in South Africa for lasting quality and comfort.</p>",Agri Hub SA,Bedding,bedding,TRUE,,495.00,50,shopify,deny,manual,https://tkhnvcciiwg6evoc.public.blob.vercel-storage.com/optimized/1783318765908-djlqhu.webp,RARA-007 Super King Quilt Set
rose-gold-trim-4pcs-breadbin-canister-set-black,Rose Gold Trim 4pcs BreadBin and Canister Set - Black,"<p>Elegant 4-piece kitchen storage set with a rounded bread bin featuring a rose gold trim band and copper knob, plus matching tea, coffee and sugar canisters with copper-accented lids and bases. Matte black finish.</p>",Agri Hub SA,Kitchenware,kitchenware,TRUE,HL-RGBBCS-BLACK,539.00,25,shopify,deny,manual,https://hebbkx1anhila5yf.public.blob.vercel-storage.com/image-oCQ9HGJrnA7WxO67z2h5EPMhCqEmSz.png,Rose Gold Trim 4pcs BreadBin and Canister Set - Black
rose-gold-trim-4pcs-breadbin-canister-set-cream,Rose Gold Trim 4pcs BreadBin and Canister Set - Cream,"<p>Elegant 4-piece kitchen storage set with a rounded bread bin featuring a rose gold trim band and copper knob, plus matching tea, coffee and sugar canisters with copper-accented lids and bases. Cream finish.</p>",Agri Hub SA,Kitchenware,kitchenware,TRUE,HL-RGBBCS-CREAM,539.00,25,shopify,deny,manual,https://hebbkx1anhila5yf.public.blob.vercel-storage.com/image-YpgrdinZQBPUK5ozOTwf0gNyJp4j5D.png,Rose Gold Trim 4pcs BreadBin and Canister Set - Cream
rose-gold-trim-4pcs-breadbin-canister-set-grey,Rose Gold Trim 4pcs BreadBin and Canister Set - Grey,"<p>Elegant 4-piece kitchen storage set with a rounded bread bin featuring a rose gold trim band and copper knob, plus matching tea, coffee and sugar canisters with copper-accented lids and bases. Grey finish.</p>",Agri Hub SA,Kitchenware,kitchenware,TRUE,HL-RGBBCS-GREY,539.00,25,shopify,deny,manual,https://hebbkx1anhila5yf.public.blob.vercel-storage.com/image-UgB3NqZRX8zb3lUx70XX3QeTZ0F5aD.png,Rose Gold Trim 4pcs BreadBin and Canister Set - Grey
rose-gold-trim-4pcs-breadbin-canister-set-olive-green,Rose Gold Trim 4pcs BreadBin and Canister Set - Olive Green,"<p>Elegant 4-piece kitchen storage set with a rounded bread bin featuring a rose gold trim band and copper knob, plus matching tea, coffee and sugar canisters with copper-accented lids and bases. Olive green finish.</p>",Agri Hub SA,Kitchenware,kitchenware,TRUE,HL-RGBBCS-OLIVE,539.00,25,shopify,deny,manual,https://hebbkx1anhila5yf.public.blob.vercel-storage.com/image-Y1AvmhZPRBqFOSMavfDjgQ7etQuPKa.png,Rose Gold Trim 4pcs BreadBin and Canister Set - Olive Green
soup-dish,Soup Dish,"<p>Elegant glass soup dish with gold metal frame and stand. Perfect for serving soups, salads, or as a decorative centerpiece. Luxurious design.</p>",Agri Hub SA,Kitchenware,kitchenware,TRUE,HL-SOUP-001,355.00,100,shopify,deny,manual,https://agrihubsa.co.za/products/home-living/soup-dish.jpg,Soup Dish
stylish-4pcs-breadbin-canister-set-black-rose-gold,Stylish 4pcs BreadBin and Canister Set - Black & Rose Gold,"<p>Stylish 4-piece kitchen storage set with a rounded bread bin featuring a raised 3D BREAD logo lid, plus matching tea, coffee and sugar canisters with sculpted metallic loop lids. Matte black finish with rose gold accents.</p>",Agri Hub SA,Kitchenware,kitchenware,TRUE,HL-SBBCS-BLACK-ROSEGOLD,485.00,25,shopify,deny,manual,https://hebbkx1anhila5yf.public.blob.vercel-storage.com/IMG-20260413-WA0040-yb808fHusjUcrvMs2ohRE7aTupfwlx.jpg,Stylish 4pcs BreadBin and Canister Set - Black & Rose Gold
stylish-4pcs-breadbin-canister-set-cream-rose-gold,Stylish 4pcs BreadBin and Canister Set - Cream & Rose Gold,"<p>Stylish 4-piece kitchen storage set with a rounded bread bin featuring a raised 3D BREAD logo lid, plus matching tea, coffee and sugar canisters with sculpted metallic loop lids. Cream finish with rose gold accents.</p>",Agri Hub SA,Kitchenware,kitchenware,TRUE,HL-SBBCS-CREAM-ROSEGOLD,485.00,25,shopify,deny,manual,https://hebbkx1anhila5yf.public.blob.vercel-storage.com/IMG-20260413-WA0041-IrOa7X525uqWgulPzNOWFSNDqT2lVu.jpg,Stylish 4pcs BreadBin and Canister Set - Cream & Rose Gold
stylish-4pcs-breadbin-canister-set-grey-silver,Stylish 4pcs BreadBin and Canister Set - Grey & Silver,"<p>Stylish 4-piece kitchen storage set with a rounded bread bin featuring a raised 3D BREAD logo lid, plus matching tea, coffee and sugar canisters with sculpted metallic loop lids. Grey finish with silver accents.</p>",Agri Hub SA,Kitchenware,kitchenware,TRUE,HL-SBBCS-GREY-SILVER,485.00,25,shopify,deny,manual,https://hebbkx1anhila5yf.public.blob.vercel-storage.com/IMG-20260413-WA0039-9dnXyyg92jgRS5hFwFRDio6iM4JOq3.jpg,Stylish 4pcs BreadBin and Canister Set - Grey & Silver
throw-fleece-200x230-black-white,Throw Fleece 200cm x 230cm - Black White,"<p>The Throw Fleece 200cm x 230cm in Black White features a cosy patchwork check of black, grey and white with a soft sherpa backing. Plush, warm and beautifully finished, perfect for the couch or bed. Measures 200cm x 230cm.</p>",Agri Hub SA,Bedding,bedding,TRUE,,255.00,50,shopify,deny,manual,https://tkhnvcciiwg6evoc.public.blob.vercel-storage.com/optimized/1783318741052-irsen1.webp,Throw Fleece 200cm x 230cm - Black White
throw-fleece-200x230-blue,Throw Fleece 200cm x 230cm - Blue,"<p>The Throw Fleece 200cm x 230cm in Blue features a cosy patchwork check of royal blue, light blue and white with a soft sherpa backing. Plush, warm and beautifully finished, perfect for the couch or bed. Measures 200cm x 230cm.</p>",Agri Hub SA,Bedding,bedding,TRUE,,255.00,50,shopify,deny,manual,https://tkhnvcciiwg6evoc.public.blob.vercel-storage.com/optimized/1783318740642-3s0ceb.webp,Throw Fleece 200cm x 230cm - Blue
throw-fleece-200x230-blue-purple,Throw Fleece 200cm x 230cm - Blue Purple,"<p>The Throw Fleece 200cm x 230cm in Blue Purple features a cosy patchwork check of navy, purple, teal and white with a soft sherpa backing. Plush, warm and beautifully finished, perfect for the couch or bed. Measures 200cm x 230cm.</p>",Agri Hub SA,Bedding,bedding,TRUE,,255.00,50,shopify,deny,manual,https://tkhnvcciiwg6evoc.public.blob.vercel-storage.com/optimized/1783318741560-h6vn3m.webp,Throw Fleece 200cm x 230cm - Blue Purple
throw-fleece-200x230-blue-yellow,Throw Fleece 200cm x 230cm - Blue Yellow,"<p>The Throw Fleece 200cm x 230cm in Blue Yellow features a cosy patchwork check of navy, teal, yellow and white with a soft sherpa backing. Plush, warm and beautifully finished, perfect for the couch or bed. Measures 200cm x 230cm.</p>",Agri Hub SA,Bedding,bedding,TRUE,,255.00,50,shopify,deny,manual,https://tkhnvcciiwg6evoc.public.blob.vercel-storage.com/optimized/1783318765698-3v28br.webp,Throw Fleece 200cm x 230cm - Blue Yellow
throw-fleece-200x230-brown,Throw Fleece 200cm x 230cm - Brown,"<p>The Throw Fleece 200cm x 230cm in Brown features a cosy patchwork check of brown, dark brown and cream with a soft sherpa backing. Plush, warm and beautifully finished, perfect for the couch or bed. Measures 200cm x 230cm.</p>",Agri Hub SA,Bedding,bedding,TRUE,,255.00,50,shopify,deny,manual,https://tkhnvcciiwg6evoc.public.blob.vercel-storage.com/optimized/1783318741366-mlr782.webp,Throw Fleece 200cm x 230cm - Brown
throw-fleece-200x230-green,Throw Fleece 200cm x 230cm - Green,"<p>The Throw Fleece 200cm x 230cm in Green features a cosy patchwork check of green, dark green, taupe and cream with a soft sherpa backing. Plush, warm and beautifully finished, perfect for the couch or bed. Measures 200cm x 230cm.</p>",Agri Hub SA,Bedding,bedding,TRUE,,255.00,50,shopify,deny,manual,https://tkhnvcciiwg6evoc.public.blob.vercel-storage.com/optimized/1783318765880-mp04fx.webp,Throw Fleece 200cm x 230cm - Green
throw-fleece-200x230-navy-brown,Throw Fleece 200cm x 230cm - Navy Brown,"<p>The Throw Fleece 200cm x 230cm in Navy Brown features a cosy patchwork check of navy, brown, grey and cream with a soft sherpa backing. Plush, warm and beautifully finished, perfect for the couch or bed. Measures 200cm x 230cm.</p>",Agri Hub SA,Bedding,bedding,TRUE,,255.00,50,shopify,deny,manual,https://tkhnvcciiwg6evoc.public.blob.vercel-storage.com/optimized/1783318741172-d5lk01.webp,Throw Fleece 200cm x 230cm - Navy Brown
throw-fleece-200x230-orange-purple,Throw Fleece 200cm x 230cm - Orange Purple,"<p>The Throw Fleece 200cm x 230cm in Orange Purple features a cosy patchwork check of orange, purple and cream with a soft sherpa backing. Plush, warm and beautifully finished, perfect for the couch or bed. Measures 200cm x 230cm.</p>",Agri Hub SA,Bedding,bedding,TRUE,,255.00,50,shopify,deny,manual,https://tkhnvcciiwg6evoc.public.blob.vercel-storage.com/optimized/1783318748380-qisxt9.webp,Throw Fleece 200cm x 230cm - Orange Purple
throw-fleece-200x230-pink-burgundy,Throw Fleece 200cm x 230cm - Pink Burgundy,"<p>The Throw Fleece 200cm x 230cm in Pink Burgundy features a cosy patchwork check of burgundy, pink and white with a soft sherpa backing. Plush, warm and beautifully finished, perfect for the couch or bed. Measures 200cm x 230cm.</p>",Agri Hub SA,Bedding,bedding,TRUE,,255.00,50,shopify,deny,manual,https://tkhnvcciiwg6evoc.public.blob.vercel-storage.com/optimized/1783318740711-hv10fi.webp,Throw Fleece 200cm x 230cm - Pink Burgundy
throw-fleece-200x230-red-navy,Throw Fleece 200cm x 230cm - Red Navy,"<p>The Throw Fleece 200cm x 230cm in Red Navy features a cosy patchwork check of red, navy, grey and white with a soft sherpa backing. Plush, warm and beautifully finished, perfect for the couch or bed. Measures 200cm x 230cm.</p>",Agri Hub SA,Bedding,bedding,TRUE,,255.00,50,shopify,deny,manual,https://tkhnvcciiwg6evoc.public.blob.vercel-storage.com/optimized/1783318741527-0kkvr1.webp,Throw Fleece 200cm x 230cm - Red Navy
throw-fleece-200x230-red-pink,Throw Fleece 200cm x 230cm - Red Pink,"<p>The Throw Fleece 200cm x 230cm in Red Pink features a cosy patchwork check of red, pink and white with a soft sherpa backing. Plush, warm and beautifully finished, perfect for the couch or bed. Measures 200cm x 230cm.</p>",Agri Hub SA,Bedding,bedding,TRUE,,255.00,50,shopify,deny,manual,https://tkhnvcciiwg6evoc.public.blob.vercel-storage.com/optimized/1783318740867-9ni3pt.webp,Throw Fleece 200cm x 230cm - Red Pink
throw-flee-black-180cm-by-200cm,Throw Fleece-Black (180cm by 200cm),"<p>Luxuriously soft ribbed faux-fur throw with a tie-dye black and white finish. Measuring 180cm x 200cm, it adds plush warmth and a stylish accent to any lounge, bedroom or living space.</p>",Agri Hub SA,Bedding,bedding,TRUE,HL-THROW-FLEE-BLACK,195.00,100,shopify,deny,manual,https://agrihubsa.co.za/products/throw-flee/black.png,Throw Fleece-Black (180cm by 200cm)
throw-flee-blue-180cm-by-200cm,Throw Fleece-Blue (180cm by 200cm),"<p>Luxuriously soft ribbed faux-fur throw with a tie-dye blue and white finish. Measuring 180cm x 200cm, it adds plush warmth and a stylish accent to any lounge, bedroom or living space.</p>",Agri Hub SA,Bedding,bedding,TRUE,HL-THROW-FLEE-BLUE,195.00,100,shopify,deny,manual,https://agrihubsa.co.za/products/throw-flee/blue.png,Throw Fleece-Blue (180cm by 200cm)
throw-flee-green-180cm-by-200cm,Throw Fleece-Green (180cm by 200cm),"<p>Luxuriously soft ribbed faux-fur throw with a tie-dye green and white finish. Measuring 180cm x 200cm, it adds plush warmth and a stylish accent to any lounge, bedroom or living space.</p>",Agri Hub SA,Bedding,bedding,TRUE,HL-THROW-FLEE-GREEN,195.00,100,shopify,deny,manual,https://agrihubsa.co.za/products/throw-flee/green.png,Throw Fleece-Green (180cm by 200cm)
throw-flee-orange-180cm-by-200cm,Throw Fleece-Orange (180cm by 200cm),"<p>Luxuriously soft ribbed faux-fur throw with a tie-dye orange and white finish. Measuring 180cm x 200cm, it adds plush warmth and a stylish accent to any lounge, bedroom or living space.</p>",Agri Hub SA,Bedding,bedding,TRUE,HL-THROW-FLEE-ORANGE,195.00,100,shopify,deny,manual,https://agrihubsa.co.za/products/throw-flee/orange.png,Throw Fleece-Orange (180cm by 200cm)
throw-flee-pink-180cm-by-200cm,Throw Fleece-Pink (180cm by 200cm),"<p>Luxuriously soft ribbed faux-fur throw with a tie-dye pink and white finish. Measuring 180cm x 200cm, it adds plush warmth and a stylish accent to any lounge, bedroom or living space.</p>",Agri Hub SA,Bedding,bedding,TRUE,HL-THROW-FLEE-PINK,195.00,100,shopify,deny,manual,https://agrihubsa.co.za/products/throw-flee/pink.png,Throw Fleece-Pink (180cm by 200cm)
throw-flee-purple-180cm-by-200cm,Throw Fleece-Purple (180cm by 200cm),"<p>Luxuriously soft ribbed faux-fur throw with a tie-dye purple and white finish. Measuring 180cm x 200cm, it adds plush warmth and a stylish accent to any lounge, bedroom or living space.</p>",Agri Hub SA,Bedding,bedding,TRUE,HL-THROW-FLEE-PURPLE,195.00,100,shopify,deny,manual,https://agrihubsa.co.za/products/throw-flee/purple.png,Throw Fleece-Purple (180cm by 200cm)
throw-flee-red-180cm-by-200cm,Throw Fleece-Red (180cm by 200cm),"<p>Luxuriously soft ribbed faux-fur throw with a tie-dye red and white finish. Measuring 180cm x 200cm, it adds plush warmth and a stylish accent to any lounge, bedroom or living space.</p>",Agri Hub SA,Bedding,bedding,TRUE,HL-THROW-FLEE-RED,195.00,100,shopify,deny,manual,https://agrihubsa.co.za/products/throw-flee/red.png,Throw Fleece-Red (180cm by 200cm)
throw-flee-teal-180cm-by-200cm,Throw Fleece-Teal (180cm by 200cm),"<p>Luxuriously soft ribbed faux-fur throw with a tie-dye teal and white finish. Measuring 180cm x 200cm, it adds plush warmth and a stylish accent to any lounge, bedroom or living space.</p>",Agri Hub SA,Bedding,bedding,TRUE,HL-THROW-FLEE-TEAL,195.00,100,shopify,deny,manual,https://agrihubsa.co.za/products/throw-flee/teal.png,Throw Fleece-Teal (180cm by 200cm)
throw-fleece-180cm-x-200cm-camel,"Throw fleece, 180cm X 200cm, - Camel","<p>Soft and cosy throw fleece blanket measuring 180cm x 200cm. Features a plush textured checkered design that adds warmth and style to any lounge, bedroom or living space.</p>",Agri Hub SA,Bedding,bedding,TRUE,HL-THROW-FLEECE-08,160.00,100,shopify,deny,manual,https://agrihubsa.co.za/products/throw-fleece/camel.png,"Throw fleece, 180cm X 200cm, - Camel"
throw-fleece-180cm-x-200cm-charcoal,"Throw fleece, 180cm X 200cm, - Charcoal","<p>Soft and cosy throw fleece blanket measuring 180cm x 200cm. Features a plush textured checkered design that adds warmth and style to any lounge, bedroom or living space.</p>",Agri Hub SA,Bedding,bedding,TRUE,HL-THROW-FLEECE-09,160.00,100,shopify,deny,manual,https://agrihubsa.co.za/products/throw-fleece/charcoal.png,"Throw fleece, 180cm X 200cm, - Charcoal"
throw-fleece-180cm-x-200cm-chocolate-brown,"Throw fleece, 180cm X 200cm, - Chocolate Brown","<p>Soft and cosy throw fleece blanket measuring 180cm x 200cm. Features a plush textured checkered design that adds warmth and style to any lounge, bedroom or living space.</p>",Agri Hub SA,Bedding,bedding,TRUE,HL-THROW-FLEECE-10,160.00,100,shopify,deny,manual,https://agrihubsa.co.za/products/throw-fleece/chocolate-brown.png,"Throw fleece, 180cm X 200cm, - Chocolate Brown"
throw-fleece-180cm-x-200cm-navy-blue,"Throw fleece, 180cm X 200cm, - Navy Blue","<p>Soft and cosy throw fleece blanket measuring 180cm x 200cm. Features a plush textured checkered design that adds warmth and style to any lounge, bedroom or living space.</p>",Agri Hub SA,Bedding,bedding,TRUE,HL-THROW-FLEECE-03,160.00,100,shopify,deny,manual,https://agrihubsa.co.za/products/throw-fleece/navy-blue.png,"Throw fleece, 180cm X 200cm, - Navy Blue"
throw-fleece-180cm-x-200cm-pink,"Throw fleece, 180cm X 200cm, - Pink","<p>Soft and cosy throw fleece blanket measuring 180cm x 200cm. Features a plush textured checkered design that adds warmth and style to any lounge, bedroom or living space.</p>",Agri Hub SA,Bedding,bedding,TRUE,HL-THROW-FLEECE-01,160.00,100,shopify,deny,manual,https://agrihubsa.co.za/products/throw-fleece/pink.png,"Throw fleece, 180cm X 200cm, - Pink"
throw-fleece-180cm-x-200cm-red-black,"Throw fleece, 180cm X 200cm, - Red & Black","<p>Soft and cosy throw fleece blanket measuring 180cm x 200cm. Features a plush textured checkered design that adds warmth and style to any lounge, bedroom or living space.</p>",Agri Hub SA,Bedding,bedding,TRUE,HL-THROW-FLEECE-05,160.00,100,shopify,deny,manual,https://agrihubsa.co.za/products/throw-fleece/red-and-black.png,"Throw fleece, 180cm X 200cm, - Red & Black"
throw-fleece-180cm-x-200cm-red-pink,"Throw fleece, 180cm X 200cm, - Red & Pink","<p>Soft and cosy throw fleece blanket measuring 180cm x 200cm. Features a plush textured checkered design that adds warmth and style to any lounge, bedroom or living space.</p>",Agri Hub SA,Bedding,bedding,TRUE,HL-THROW-FLEECE-04,160.00,100,shopify,deny,manual,https://agrihubsa.co.za/products/throw-fleece/red-and-pink.png,"Throw fleece, 180cm X 200cm, - Red & Pink"
throw-fleece-180cm-x-200cm-royal-blue,"Throw fleece, 180cm X 200cm, - Royal Blue","<p>Soft and cosy throw fleece blanket measuring 180cm x 200cm. Features a plush textured checkered design that adds warmth and style to any lounge, bedroom or living space.</p>",Agri Hub SA,Bedding,bedding,TRUE,HL-THROW-FLEECE-07,160.00,100,shopify,deny,manual,https://agrihubsa.co.za/products/throw-fleece/royal-blue.png,"Throw fleece, 180cm X 200cm, - Royal Blue"
throw-fleece-180cm-x-200cm-teal,"Throw fleece, 180cm X 200cm, - Teal","<p>Soft and cosy throw fleece blanket measuring 180cm x 200cm. Features a plush textured checkered design that adds warmth and style to any lounge, bedroom or living space.</p>",Agri Hub SA,Bedding,bedding,TRUE,HL-THROW-FLEECE-02,160.00,100,shopify,deny,manual,https://agrihubsa.co.za/products/throw-fleece/teal.png,"Throw fleece, 180cm X 200cm, - Teal"
throw-fleece-180cm-x-200cm-teal-grey,"Throw fleece, 180cm X 200cm, - Teal & Grey","<p>Soft and cosy throw fleece blanket measuring 180cm x 200cm. Features a plush textured checkered design that adds warmth and style to any lounge, bedroom or living space.</p>",Agri Hub SA,Bedding,bedding,TRUE,HL-THROW-FLEECE-06,160.00,100,shopify,deny,manual,https://agrihubsa.co.za/products/throw-fleece/teal-and-grey.png,"Throw fleece, 180cm X 200cm, - Teal & Grey"
velvet-3d-carpet-160cm-x-230cm,Velvet 3D Carpet (160cm x 230cm),<p>Velvet 3D Carpet (160cm x 230cm)</p>,Agri Hub SA,Bedding,bedding,TRUE,,530.00,100,shopify,deny,manual,https://agrihubsa.co.za/products/home-living/velvet-carpet.jpg,Velvet 3D Carpet (160cm x 230cm)